step,return,length,crashed,final_dist,had_event,alpha,loss_q
960,-6.697010536112872,60,True,4.705691109302832,False,,
1056,-10.126103664030037,66,True,6.086394469554927,False,,
1056,-12.480909794643289,66,True,6.022656140880369,False,,
1120,-9.742762590934293,70,True,3.5737915011940955,False,,
1136,6.6572928198847485,71,True,6.06449930492963,False,,
1200,-0.005757048636395368,75,True,6.105293038318555,False,,
1232,-7.298508312819456,77,True,6.047831119317537,False,,
1280,0.7991526118992098,80,True,6.1084593457127845,False,,
1328,19.7336025915585,83,True,6.123467126071313,False,,
1360,26.7041140204958,85,True,6.118361181915896,False,,
1616,-10.63301959871498,101,True,6.039001685532857,False,,
1648,25.162196652345816,103,True,6.027965115780639,True,,
1760,-1.9147809579051014,110,True,6.0300915173096765,False,,
1792,12.15309577910369,112,True,6.127099205992785,False,,
1840,-11.042072384887648,40,True,6.128441283582333,False,,
1952,15.726883399656474,122,True,6.093021548727302,False,,
2176,10.816288174878393,65,True,6.063408841069968,False,,
2288,-1.4168782015574912,73,True,6.013807106356204,False,,
2336,19.004533997513107,80,True,3.41233212922934,False,,
2352,-6.798811828851441,62,True,6.019016976215785,False,,
2624,0.19035460484784927,81,True,6.069773619704156,False,,
2704,4.815924866583671,169,True,6.083363359324267,False,,
2976,13.363544864789212,74,True,6.065213085252903,False,,
3104,7.88409673503968,114,True,6.081096167662056,False,,
3120,-0.5682500438616191,118,True,4.47467599401484,False,,
3216,8.55167765193126,100,True,6.079281304319534,False,,
3280,41.28582274995059,139,True,6.014191414196349,False,,
3344,-9.614073522062533,149,True,6.008547053461998,False,,
3472,-13.593178519327523,114,True,6.123767556494703,False,,
3520,-9.144113298822253,56,True,6.058895417679236,False,,
3600,-12.036353898122305,110,True,6.013598512319536,False,,
3872,10.098378895653623,106,True,6.023329710082657,False,,
3920,38.878730435152946,99,True,4.167931519307962,False,,
4112,2.9700860482283122,135,True,3.4983687390339697,False,,
4160,-11.865705113320681,117,True,6.021074089256915,False,,
4176,-5.038726871675802,67,True,6.082419410704603,False,,
4208,22.941093941291975,153,True,3.669358322575592,False,,
4208,-10.295197920534084,58,True,6.09651559859257,False,,
4288,-11.337869866770061,48,True,6.050557240346965,False,,
4416,-0.9419032254772368,75,True,6.080669809193722,False,,
4480,3.152153142244469,94,True,6.020255623565614,False,,
4720,-5.240140444851439,126,True,6.068946883384719,False,,
4800,2.3305044426863866,91,True,6.022840661569632,False,,
4896,13.350792450256963,89,True,6.0813508207691545,False,,
5056,38.96517018480775,91,True,6.065810172923093,False,,
5056,12.059686972774703,53,True,2.6926959372420733,False,,
5264,25.76339926547625,134,True,6.010566285980087,False,,
5264,22.544904611904336,182,True,6.029842373135838,True,,
5328,-13.061108564789519,57,True,6.026773148721779,False,,
5376,5.367207792192646,76,True,6.1101248897906375,False,,
5408,0.7197591613402121,77,True,6.181368319225645,False,,
5440,-8.502837073614295,77,True,6.028334425442389,False,,
5648,19.921864947431033,85,True,6.015510283755237,False,,
5728,32.31989871510011,116,True,4.939817857724328,False,,
5744,5.395907615692277,79,True,6.0267924897371214,False,,
5872,9.520411247984054,67,True,3.2173606288314063,False,,
5888,-11.47882514351403,52,True,6.019465836853143,False,,
5984,-9.917511699190314,58,True,6.066583621482734,False,,
6128,22.914158303987023,138,True,6.116445310972587,False,,
6208,-9.917156592199941,59,True,6.052838630214778,False,,
6320,8.647097096503334,100,True,6.031109913851841,False,,
6592,-11.339483336381614,79,True,6.052175927901868,False,,
6640,-11.679203377576354,158,True,6.0370703113375646,False,,
6720,2.4067008615885026,114,True,6.025708910231091,False,,
6832,16.972772985576487,91,True,6.124126075566354,False,,
6864,-4.532155015122268,70,True,6.041980335632013,False,,
6896,-12.302836002875313,64,True,6.074757382548333,False,,
6992,20.83683135980384,99,True,6.109864261242432,False,,
7024,-11.953385440048889,99,True,6.136552398731656,False,,
7136,35.76765642353094,117,True,6.072979691293859,False,,
7152,8.727003419068419,89,True,6.0406716997191285,False,,
7248,-7.566746252150323,100,True,6.030355936226322,False,,
7328,-3.30069968177469,63,True,6.108135124383614,False,,
7376,-1.3627426391270205,73,True,6.074684673658296,False,,
7520,-2.5612820244416348,102,True,6.007643575783937,False,,
7600,-13.979610494858687,63,True,6.0462324462778065,False,,
7696,5.5490478063192175,107,True,6.106310731106766,False,,
7824,-11.62054042233815,74,True,6.023040346218836,False,,
7840,10.303076665090058,107,True,6.043144926382529,False,,
7904,-13.046173691133683,65,True,6.021037399009335,False,,
7968,-11.487471896033083,71,True,6.032329791461364,False,,
8304,17.73294935917334,99,True,6.0841930186635125,False,,
8336,23.788214727314543,75,True,6.216773369799081,False,,
8400,-12.89483523508197,64,True,6.0029003943107595,False,,
8464,-11.896437828051805,40,True,6.037339943658833,False,,
8560,16.921767053614737,96,True,6.12081125998968,False,,
8672,-13.207525090085566,61,True,6.003169248111448,False,,
8672,10.74735414090595,95,True,6.053474682282443,False,,
8704,6.086358354523679,86,True,6.115786497759231,False,,
8864,-9.647302777929633,101,True,6.012169719066863,False,,
8896,5.164989850133729,119,True,6.034044908783325,False,,
8912,32.45974723163832,126,True,5.449428774549596,True,,
9040,30.070128276492213,90,True,6.015814732873643,False,,
9184,22.778528242669097,76,True,4.815001752249287,False,,
9360,44.42152105999128,115,True,3.142489638312337,False,,
9648,23.76577799272772,109,True,6.043390306276024,False,,
9680,8.064483026440026,70,True,6.0266418596356655,False,,
9824,2.5781086621397638,89,True,6.028718560707821,False,,
10080,3.432336278362623,76,True,6.107534574207573,False,,
10096,5.1251236579933845,141,True,6.11555235449971,False,0.1987435383348312,1.1044156551361084
10112,-12.797184127302142,90,True,6.003170796873761,False,0.19850494224769075,2.8953046798706055
10208,-12.25214805343362,96,True,6.020177194433221,False,0.19826675984796263,1.0439131259918213
10256,11.191511545189716,97,True,6.116233809233586,False,0.19684427539640606,1.926625370979309
10320,8.838585560564256,89,True,6.084981255505313,False,0.1961371867286854,0.9357132911682129
10384,9.184334818354209,128,True,6.031933678864016,True,0.19519799686081196,2.646866798400879
10400,12.000597505142107,85,True,6.000914052311117,False,0.19426343382710623,2.7483575344085693
10448,-4.590275197441238,68,True,6.142900760665633,False,0.19403054667309858,1.0015497207641602
10512,15.411132206556381,100,True,4.830218318395031,False,0.1933343017188025,5.129547595977783
10528,-0.7465100612509978,129,True,6.088373332120676,False,0.1924096321608638,4.19553804397583
10576,35.05317885268222,142,True,6.099547882636078,True,0.1921792112713663,3.2541141510009766
10768,11.425140875500476,99,True,6.103625775916453,False,0.19148899014738008,0.9370518326759338
11088,0.4005823453310171,88,True,6.028170002752581,False,0.18875581095487562,3.171931266784668
11104,2.6565603750396534,80,True,6.079026819130582,False,0.1842876709350848,3.883535385131836
11200,-7.9685748784804735,97,True,6.015611066137378,True,0.18406746635848192,0.9711602926254272
11392,-8.19908403239124,71,True,6.116986460525923,False,0.1827568242568919,1.480659008026123
11408,10.692031816317897,81,True,6.141644967515071,False,0.1801486187071552,1.6380176544189453
11440,-8.743805037874777,62,True,6.084414901944596,False,0.1799332162056805,1.390038251876831
11600,9.596923855788084,80,True,3.8610451687977174,False,0.17950380793174464,1.4200434684753418
11600,2.5559190804448697,94,True,6.1146287008044355,False,0.17950380793174464,1.4200434684753418
11632,-9.543786808304334,66,True,6.026449582352392,False,0.17737651335598772,0.8101989030838013
11696,-9.82054585975622,101,True,6.131675866654235,False,0.17695304325670455,0.18528401851654053
11824,14.268138907560084,81,True,6.071150701961399,False,0.17610836180838982,0.7694684267044067
11856,-10.210501638955847,68,True,4.654895867870644,False,0.17443624883590184,2.0664544105529785
11872,31.352605055532138,93,True,6.122320855489652,False,0.1740230747873453,2.7762176990509033
11904,-10.85990118998324,44,True,6.088665566764919,False,0.1738172623539947,0.9080460071563721
12080,24.619558454910802,117,True,6.052067529962075,True,0.17340697070780806,1.9141762256622314
12352,-11.808855976060018,45,True,6.012442870978355,False,0.1711633433830951,1.7034835815429688
12352,38.83205848812651,122,True,6.14078064141791,False,0.1711633433830951,1.7034835815429688
12400,-4.730250246263294,60,True,6.086414105744897,False,0.16776353034864144,3.745455741882324
12464,26.143455236474114,122,True,6.0612044338988875,False,0.167173844810487,0.7255570888519287
12480,6.469249726658219,86,True,6.0861532167239,False,0.1663920172464752,2.2681798934936523
12640,-6.069378709756097,77,True,6.025144007623731,False,0.16619694367141727,2.0548672676086426
12720,9.31377530066015,70,True,6.068368875553804,False,0.16425475282126759,0.802505612373352
12848,-11.711713771991938,48,True,6.007060161775785,False,0.16329052570380093,0.7782390117645264
13168,-9.236538013447568,84,True,6.029667349826877,False,0.16176336010221581,1.7276324033737183
13232,-6.254826552674551,83,True,6.054855532826845,False,0.15800428374916445,0.2167207896709442
13264,-10.292342934679349,39,True,6.048679585327395,False,0.15726195579919353,1.570448875427246
13456,14.573299830661291,129,True,6.141726510646489,True,0.15689232014165666,1.445699691772461
13488,22.303807470533847,118,True,6.018495195497642,True,0.15469723475823358,0.20263445377349854
13664,22.735600430216046,112,True,6.034093431635943,False,0.15433473672132275,0.7862927317619324
13696,4.135924331171118,77,True,6.044041883789055,False,0.15236533150549897,1.5465948581695557
13744,24.32129208428413,87,True,4.9603117337966784,False,0.15201041969648613,1.3043780326843262
13792,22.541221330274205,82,True,6.095647706028082,False,0.15148051863279313,1.4081645011901855
13840,27.15725620559841,124,True,6.054489473526873,False,0.15095203666217255,0.5941872596740723
13856,18.381938604188797,91,True,6.009811316468045,False,0.1504229404480733,1.1635500192642212
13856,28.78113358095124,173,True,6.004165444087342,False,0.1504229404480733,1.1635500192642212
13888,-13.285722386071956,73,True,6.0522113993458815,False,0.15024646754420742,1.2248493432998657
13920,-11.209117367086089,139,True,6.1186389202984115,False,0.14989464843102593,0.9393140077590942
14096,10.536380696274266,109,True,6.009731716666026,False,0.1495451809867479,1.7906804084777832
14224,-11.866382865807608,60,True,6.024034367703548,False,0.14763742079947925,0.23732708394527435
14368,-10.383827068087832,55,True,6.014741938446219,False,0.14626707736679584,1.1096982955932617
14432,22.139171394552598,99,True,6.085347981553972,False,0.1447377046256707,1.3688101768493652
14464,-13.379752115185024,81,True,6.051709926294279,False,0.14406242480204728,0.5131988525390625
14624,2.3565665717359607,73,True,6.073483111736367,False,0.14372709139499762,0.9414690732955933
14752,-11.107426242480116,60,True,6.0162880023955765,False,0.14205874064245413,0.6136062741279602
14800,20.36046165186231,98,True,6.120406892780074,False,0.14073812147353743,0.2827602028846741
14896,6.121404490701009,72,True,4.518182076158877,False,0.14024561825914517,1.7732291221618652
15104,-5.23803820123289,78,True,6.029661319513371,False,0.13926767052493233,2.464097261428833
15104,-13.911275008819771,63,True,6.023974967749899,False,0.13926767052493233,2.464097261428833
15120,-9.63367207590187,79,True,6.031283960723902,False,0.13717365304726,1.6296746730804443
15152,10.874878533569284,93,True,6.014580370530631,False,0.13701500994626659,1.0745139122009277
15168,1.6578110908285204,83,True,6.075955615736045,False,0.1366968513338529,0.5715933442115784
15184,15.659921289950807,81,True,6.0102046633796755,False,0.13653820722642748,2.818965196609497
15248,-13.66677166804017,83,True,5.954524931371752,False,0.13637946567009077,0.38931965827941895
15296,-10.257556724232916,54,True,6.1142439129034205,False,0.1357440803470423,1.414888620376587
15776,-13.036435681665964,88,True,6.0693664542198436,False,0.1352690494524828,0.44198524951934814
15808,-12.642831151508291,57,True,6.054524307413277,False,0.13062092613361145,1.4974050521850586
15904,5.602562451023028,90,True,6.095262375049821,False,0.13031595656902556,0.3556314706802368
15920,7.617041187861524,106,True,6.028192563719965,False,0.1294082134112026,1.3621702194213867
15952,-4.265206134711616,75,True,6.098550409153316,False,0.129257898895807,0.8707010746002197
16048,-3.112284835582547,78,True,6.049991492562955,False,0.12895687220490143,2.6098227500915527
16064,-10.786148835817658,55,True,6.037525636192081,False,0.12805420627523478,0.5923093557357788
16080,3.799391419293128,91,True,6.037120902040283,False,0.1279045632672734,1.033505916595459
16080,8.900395700613801,149,True,4.587377412984135,False,0.1279045632672734,1.033505916595459
16368,0.3797724324411149,75,True,6.089214202139541,False,0.1277552267876434,0.45500075817108154
16448,-4.835785472094434,84,True,6.196219814523154,False,0.12509798693958457,0.3621458411216736
16528,5.632089513341214,88,True,6.1066390401741275,False,0.12436962079859529,0.6724132299423218
16848,1.8936703625865405,100,True,6.024469652314352,False,0.12364836747609487,0.969987690448761
16880,2.524803067504246,67,True,5.902286124738746,False,0.12079829424108175,1.0401113033294678
16928,12.245474434850568,102,True,6.056706182523108,False,0.12051622192622766,1.3189201354980469
16960,-6.9845629109368605,74,True,6.052101665392269,False,0.12009395312141688,0.7032065391540527
17328,5.911932348757276,139,True,6.044163825646431,True,0.11981422972536031,0.312422513961792
17344,15.187921160096858,80,True,6.0240321986861876,False,0.11666077909530304,0.5895007252693176
17392,0.9307322402876181,82,True,6.11752472058101,False,0.11652674753884602,0.39636027812957764
17440,-6.62668921233392,62,True,6.122559897857089,False,0.11612248877617949,0.2342691868543625
17488,11.587631556039552,98,True,4.162622928619144,False,0.11571772978905169,0.5255190134048462
17520,53.8328307929559,148,True,6.0103724104736145,False,0.11531514659449453,1.1481257677078247
17648,36.62509686730314,106,True,6.000350329328641,False,0.11504671497305093,0.705083429813385
17664,4.956085650686456,101,True,6.0661651847678195,False,0.11398557398444169,1.3403441905975342
17712,19.66563253732118,113,True,6.172567442660009,False,0.11385328655552622,0.17978575825691223
17872,12.070864563501097,57,True,4.296527093143604,False,0.11345707189467182,1.5265008211135864
17968,7.749833074385036,100,True,6.021676088967304,False,0.11214704835694708,0.4448648691177368
18000,22.85603748907498,92,True,6.08369434201269,False,0.11136917579624694,0.6609501242637634
18608,-14.541474443865866,79,True,6.058141403166336,False,0.11111092219121946,0.4484623372554779
18672,-5.18072403599582,84,True,6.116782438064832,False,0.10632128354439355,0.6575863361358643
18688,-7.587394551771921,73,True,6.022471237016605,False,0.10582886158200029,0.5842166543006897
18768,-7.6535961991684776,69,True,6.031709793338998,False,0.10570600340675343,0.7123752236366272
18816,-12.005808609830389,118,True,6.016758235504185,False,0.10509787389846173,0.4615379571914673
18848,20.63582083418916,88,True,6.048635247454562,False,0.1047345900034401,0.2360059916973114
18864,-1.5363733848438628,76,True,6.110906932546913,False,0.10449267547440008,0.6040351390838623
18880,42.577738470639744,127,True,6.048627205529129,True,0.10437238535445188,0.3838602602481842
18928,-4.773577077092411,58,True,6.000420903674129,False,0.10425208888961543,0.5883215665817261
18976,9.814671141272875,99,True,6.024489074388127,False,0.10389064781765157,0.29483187198638916
18992,18.175735037804202,132,True,6.04391299809811,False,0.1035325108334868,0.3990996479988098
19136,-9.740719625746987,79,True,5.92430733049372,False,0.10341420789887795,0.4880202114582062
19200,13.577956798751032,107,True,6.083200677496857,False,0.10234622188763051,0.8329201936721802
19232,18.334500327689,95,True,6.094836874856179,False,0.10187481971530957,0.6964905261993408
19536,-13.000640339913001,43,True,6.049117071664534,False,0.10164109305818611,1.2505546808242798
19648,-13.09236755382062,60,True,6.059803476636214,False,0.09944732198112162,0.28007376194000244
20096,12.285641634803962,133,True,6.113658337821013,False,0.0986507988359559,0.17300686240196228
20096,-4.048175011172818,70,True,6.022717582708363,False,0.0986507988359559,0.17300686240196228
20112,-8.47130205764238,94,True,6.092517393965304,False,0.09552870186330027,0.8202582001686096
20128,-11.635011905082873,79,True,6.0622965290107835,False,0.09541895480129076,0.2926423251628876
20160,-10.53030662265331,77,True,5.785278070451402,False,0.09530893691834724,0.19700561463832855
20208,-7.374022002162145,258,True,5.216019856738797,False,0.09508928669793323,0.2834739089012146
20208,-6.693098790721688,63,True,6.065867565521624,False,0.09508928669793323,0.2834739089012146
20272,-7.139385450731997,87,True,6.011687473403789,False,0.09476289079520996,0.611613929271698
20336,-13.052682435169196,84,True,6.049247306064114,False,0.09433129916440182,0.49458006024360657
20416,5.897725957539288,109,True,5.853495514548648,False,0.09390179665115278,0.6737555861473083
20464,7.7983699323239115,83,True,6.047963349164856,False,0.09337098410562639,0.294061541557312
20784,-9.221847307560363,78,True,6.043698478023027,False,0.09304982681331038,0.3905259966850281
20816,-10.900657953263549,99,True,5.566074817123685,False,0.09094266395436151,0.2232886105775833
21408,3.8991697393611773,62,True,3.2336745809759484,False,0.09073430026821004,0.22765140235424042
21600,10.106372182105318,174,True,5.804075619313997,True,0.08695483686430922,0.3018314242362976
21600,-4.530934173315102,90,True,6.013474968251096,False,0.08695483686430922,0.3018314242362976
21600,9.183104129916828,87,True,6.051016108285496,True,0.08695483686430922,0.3018314242362976
21632,33.49958871848762,96,True,6.117445056901332,False,0.08576325906366085,0.23518367111682892
21664,12.669031362971188,91,True,6.038549068834431,False,0.08556834606366723,0.29882919788360596
21712,18.891542171613366,101,True,6.036081527561864,True,0.0853727184568903,0.3589070439338684
21856,28.535683005026286,109,True,6.067201948607776,False,0.08508028137701532,0.19569794833660126
21872,31.238084729054115,194,True,6.0030238020225255,False,0.08420766037907289,0.2430247962474823
22000,11.175623472281472,117,True,6.015975085606126,False,0.08411131013867455,0.29266834259033203
22112,18.470639336275514,83,True,5.09980071806105,False,0.083342904070542,0.45427364110946655
22144,38.40204853940274,156,True,6.040328111540724,False,0.08267772512780092,0.22189654409885406
22208,3.3742902357459403,109,True,4.1123862916502905,False,0.08248993861127955,0.7018085718154907
22544,34.02795905635324,138,True,6.12955649405782,False,0.08211492956002242,0.228928804397583
22608,12.865922410190919,63,True,4.451229896217327,False,0.08016568625079447,0.3912692368030548
22672,20.348695024962062,79,True,6.051997634619561,False,0.0797992337659096,0.19746069610118866
22832,2.0058132928078667,73,True,4.072029674762756,False,0.07943524795930702,0.16399264335632324
22928,5.031576653031495,166,True,5.07913856021541,False,0.078534582149338,0.19022642076015472
23056,-0.8519933477903692,66,True,6.070227415017088,False,0.07799764444996568,0.2143859565258026
23104,-6.955291488362201,87,True,5.50654983504536,False,0.077284241225354,0.259124219417572
23104,17.45350970234974,77,True,6.1157427630365255,False,0.077284241225354,0.259124219417572
23280,1.5296241641917732,105,True,5.223753207337103,False,0.0770183944320503,0.4086626172065735
23312,10.158688966810653,69,True,3.305844105042586,False,0.07605280678986329,0.5278909206390381
23424,22.014959523292347,82,True,6.052509412626414,False,0.07587834802801023,0.3428714871406555
23552,33.843423299195294,171,True,6.120642121767469,False,0.07527414108663646,0.25055330991744995
23632,7.041269629866331,127,True,5.400079348991682,False,0.07458845443405519,0.28675538301467896
23792,33.77890449824878,121,True,6.068400163420885,False,0.07416708201541436,0.3015480935573578
23808,-10.334771476410992,44,True,4.993817551055074,False,0.07332702860207592,0.5909063816070557
23888,-8.516938893828884,76,True,6.043424714784503,False,0.07324316638702937,0.22983738780021667
23904,16.302244871778576,81,True,6.006271308107332,False,0.07282261295045947,0.2734801173210144
23920,20.951673650404373,143,True,6.110462609576509,False,0.07273920406601019,0.8015933036804199
24000,-9.733463348400008,73,True,6.024633128845328,False,0.07265599408606774,0.2366635650396347
24016,-1.7179627401147073,117,True,6.109402606278331,False,0.07224316385467328,0.38243788480758667
24320,-10.345131827540897,48,True,6.023555151316338,False,0.07216045413224993,0.30963754653930664
24528,-0.9156312511040703,89,True,6.05435661970236,False,0.07061012937960591,0.28147923946380615
24560,-4.8836847569412685,58,True,3.199814151672196,False,0.06957049117565042,0.17383435368537903
24608,17.08484413338919,129,True,6.124870656845495,True,0.06941204751507128,0.2823874354362488
24752,-4.4374304354064025,90,True,6.029001693169242,False,0.06917339157146997,0.8504735827445984
24912,14.089043145628962,93,True,6.0710932239426425,False,0.06846214530890499,0.1826840043067932
25040,68.40818177815696,132,True,3.11680614164204,False,0.06768748600447888,0.4798525273799896
25040,15.720486048309946,78,True,3.4906653478383367,False,0.06768748600447888,0.4798525273799896
25072,-3.9250941790243186,112,True,6.0169584783979415,False,0.06707373828576967,0.2654370069503784
25264,14.824270952589696,85,True,6.033259046006448,False,0.06691985857784093,0.31327903270721436
25280,38.940040828861555,139,True,6.073300578270075,True,0.06600837914036958,0.22703400254249573
25344,17.486503500387695,84,True,6.014175488011811,False,0.0659336980947904,0.7368847131729126
25472,11.89571521428602,99,True,5.442094322527038,False,0.06563485561326947,0.3290831446647644
25504,-6.81813713068043,61,True,3.790158430519939,False,0.06504061013829303,0.23397615551948547
25536,9.40758137084516,76,True,6.066690296661396,False,0.06489328905501533,0.21192336082458496
25552,7.036231419414243,109,True,4.722014335438945,False,0.06474532076200598,0.3123422861099243
25568,-12.305720554638631,63,True,6.044008205344439,False,0.06467153336811543,0.18535387516021729
25632,36.44766872372766,101,True,6.037603113334241,True,0.06459804559933265,0.44383740425109863
25632,4.715795162162406,107,True,6.0263253788320865,False,0.06459804559933265,0.44383740425109863
25680,-6.034785859661763,67,True,3.56940344384558,False,0.06430310238627854,0.18313688039779663
25808,-9.787868090809795,66,True,6.030483041650937,False,0.06408276056792088,0.3728466033935547
26096,-7.545816963705878,74,True,6.010853021145956,False,0.06350093510542743,0.4106783866882324
26400,-4.263863728351708,66,True,3.5054221048048286,False,0.062209904636390374,0.20072932541370392
26528,8.024266511409435,93,True,6.073922499535488,False,0.06087353352607974,0.15362857282161713
26736,-2.8020871084416026,79,True,6.06275636973982,False,0.06031988026283292,0.1696164608001709
26768,-11.133535962177593,108,True,6.029800372812238,False,0.05943664171012537,0.35949617624282837
27088,33.931296314582696,95,True,6.014100301261177,False,0.059301279042524864,0.21005138754844666
27120,-9.417538077475557,93,True,6.060696309886076,False,0.05796617448319375,0.21320022642612457
27152,-5.447449636507277,117,True,6.106640634978093,True,0.0578336828812308,0.22629116475582123
27408,7.122633217546312,82,True,4.522201295322648,False,0.05770248891990026,0.4113203287124634
27584,41.253254695676745,119,True,3.207494636833282,False,0.056662444439257234,0.43021416664123535
27728,28.942502457080742,120,True,6.0020246204795695,False,0.05595818856415175,0.18517601490020752
27808,14.76955955347994,142,True,3.446040654632857,True,0.055392440365203,1.4319086074829102
27824,15.504291431334764,142,True,4.416670644297116,True,0.05507875200667587,0.2072450816631317
27936,37.75627616039613,167,True,6.033771572005852,False,0.05501618658602229,0.20858460664749146
28240,4.32498059596079,107,True,6.024085808869423,False,0.05458047479502383,0.2170054167509079
28384,19.469794778331778,180,True,6.061983043688224,False,0.05342118277634073,0.2601985037326813
28528,48.641683394897406,181,True,6.0560750444708935,True,0.05288396251383156,0.44905591011047363
28592,0.330593800390238,114,True,6.02463448948903,False,0.05234605660821679,0.18929919600486755
28640,46.06415182390303,119,True,6.039246832082936,False,0.052107205072203636,0.15689031779766083
28848,-1.6394993493246357,79,True,6.058998393710252,False,0.05192874481220866,0.2161894589662552
28912,15.716688443910039,110,True,6.040305321793424,False,0.05117166882399207,0.26557275652885437
28960,10.57040717068268,77,True,3.9695066792954767,False,0.05094193382742427,0.1666344702243805
28976,63.57798421971291,244,True,5.2258201437047385,False,0.05077036958623099,0.23749153316020966
29056,-10.298142183496529,42,True,6.0682437724220994,False,0.05071334516774367,0.24062669277191162
29184,-4.812668471896343,129,True,6.014548813485046,False,0.05042517092400517,0.19548237323760986
29392,55.87589734183584,144,True,6.024142883855345,False,0.04996960082070537,0.19390973448753357
29648,-8.10397766727224,66,True,4.773100456568897,False,0.04923992062108872,0.32629719376564026
29888,21.773853006026368,155,True,6.026380212118639,True,0.048362949177516774,0.24349084496498108
30160,7.01097965722769,147,True,6.102157009425743,False,0.047543326843810914,0.2973959445953369
30320,48.30849113225646,156,True,6.089192067112687,False,0.04664018967414197,0.4442813992500305
30368,0.1470423024839338,87,True,4.677387586629029,False,0.046118052651844155,0.24763420224189758
30448,31.122036485041384,113,True,6.072524428077274,True,0.045962676468722354,0.2774200439453125
30640,13.506276214716292,108,True,6.030860418343772,False,0.04570431106572417,0.21458637714385986
31536,101.8119979345645,206,True,5.5713521169106635,True,0.04510028913195044,0.1845012605190277
31584,46.77015956708335,171,True,6.0630374096409305,False,0.04237292624283991,0.2027599811553955
31728,39.25699836318677,167,True,6.049622165835709,False,0.042231573541955225,0.16573971509933472
31792,36.45504578108893,177,True,6.00136801529858,False,0.04181299512896727,0.18819819390773773
32176,66.55538542347563,228,True,6.036732903801984,False,0.04162917826151238,0.14726734161376953
32256,49.43706274205847,270,True,6.0222334403945865,True,0.04053246485110787,0.16005069017410278
32464,35.874948593278454,126,True,6.066802946509802,False,0.04030838055546702,0.22876736521720886
32528,25.35317854564365,196,True,6.006256370858775,False,0.03972999835321822,0.17764806747436523
32576,-7.666214674155624,121,True,6.003266131758417,False,0.039552492152793266,0.14261484146118164
32720,52.99091504591822,395,True,6.0041514858461165,True,0.0394204444808718,0.49190753698349
33104,-5.692800075259231,201,True,6.092332192938371,False,0.0390326503746794,0.22816932201385498
34080,43.277559952210154,147,True,6.010707724221602,False,0.03800541230207314,0.16769184172153473
34144,105.78949276299879,239,True,5.513139274504495,True,0.03553296140989413,0.11745528876781464
34224,77.15886638977318,241,True,5.860639746777205,True,0.035376818721891204,0.16839487850666046
34272,83.95244486452808,289,True,4.192230394185064,True,0.03518310859737641,0.20738250017166138
34448,89.40645889917414,268,True,6.009924416068916,True,0.03506759000508506,0.14374607801437378
34544,44.53746267492427,126,True,6.0214366076921815,True,0.03464829427942563,0.2123744636774063
35056,28.37169865439128,146,True,3.0592704040693834,False,0.034422485772648975,0.17426303029060364
35104,86.29034928701022,220,True,6.049385140081235,False,0.033242523368723034,0.1901632696390152
35456,-1.6834156086627168,86,True,6.189129661090875,False,0.03313409049558911,0.13054361939430237
35824,28.22443982926457,100,True,6.011311478458685,False,0.032359118396482624,1.2958968877792358
36144,117.51540011255597,288,True,6.118537265208954,False,0.03156782281354228,0.1481175422668457
36208,92.65286308457284,276,True,6.054718128883899,True,0.030898561169158578,0.1797928810119629
36224,172.95664764612906,440,True,6.1431824383882025,True,0.03076497116647462,0.22044974565505981
36272,26.543037932675645,125,True,6.042615262658057,True,0.030731700830349463,0.2330835908651352
36432,52.718229240422936,241,True,6.086029162934072,False,0.03063239892478938,0.16103598475456238
36880,170.1738653192541,289,True,4.878669124310431,True,0.030302119224434453,0.2237686812877655
37056,42.98234171062472,157,True,6.016148298925139,True,0.02940802095073593,0.14233015477657318
37616,129.57926423267472,217,True,2.264604028560871,True,0.029066764481311572,0.1593254655599594
37824,195.51923418926674,335,True,6.134665140264104,True,0.028002918343972266,0.2159019410610199
38176,-4.173554229325911,119,True,6.044443376323267,False,0.02761161671875544,0.14318251609802246
38368,28.36450638159259,134,True,6.0295513063097275,False,0.026973566205340537,0.11811545491218567
38640,109.31422498224768,346,True,6.042705563341803,True,0.026630074154404427,0.13524697721004486
39152,112.06078399921176,436,True,6.043736750952331,True,0.026162336195438785,0.14683708548545837
39152,12.33775183929691,170,True,6.095362357087673,False,0.026162336195438785,0.14683708548545837
39360,54.462981044384925,266,True,6.177025513489365,True,0.025311535579821902,0.1723884493112564
39840,151.84597104635498,299,True,6.099487309041598,True,0.024973046476208828,0.48226726055145264
40336,71.4694842405853,262,True,6.015227633764319,True,0.02421455574607235,0.1283164620399475
41424,100.18360457001809,284,True,5.3165848481364275,False,0.02344628060650949,0.17769819498062134
41488,133.1710936008661,277,True,6.068349183420661,True,0.021878432450298427,0.154245525598526
41744,226.05022166251612,370,True,2.6696535719285848,False,0.0217908794811913,0.15431267023086548
41840,38.64820504993405,264,True,6.082458572120717,False,0.021446983309840077,0.14818215370178223
41840,65.79190424450434,229,True,4.29315128107113,False,0.021446983309840077,0.14818215370178223
42080,152.0158782562865,414,True,6.075726850858283,True,0.021317889762568563,0.134510800242424
42208,34.362700162133464,191,True,6.040570103219826,False,0.021006428123404787,0.19284118711948395
42448,275.509763141402,500,False,2.0970697983097195,True,0.020840606813758367,0.18002136051654816
42688,57.57516677448993,221,True,6.0078273210266655,False,0.0205383212092485,0.18035951256752014
42720,31.149124548337774,180,True,6.035110943762218,False,0.02023671802850181,0.19891604781150818
43024,73.2022744846056,325,True,6.010280312949026,True,0.020197774392389747,0.14385470747947693
43248,158.26467350072724,440,True,5.811949581101319,False,0.0198232258635625,0.12929314374923706
43264,126.4168953081211,306,True,4.217441690183454,True,0.01954692093224623,0.2059381902217865
43856,3.455203904343618,88,True,5.109776717661753,False,0.019527981249826347,0.33975496888160706
44368,122.09365478054137,252,True,2.7550297643940067,False,0.018828566220310067,0.15666934847831726
45088,203.29621761958222,403,True,3.5390804106842095,True,0.01824128327360302,0.1903122514486313
45344,31.157498272280186,145,True,3.4134612930438983,False,0.017454861932239794,0.18645071983337402
45552,41.75392694068116,177,True,6.099536359797765,True,0.017185766164874255,0.2579403519630432
46592,137.45796410560314,209,True,5.17913131242644,True,0.016971712209869698,0.1671655774116516
47360,249.99632867383886,500,False,1.71329327820244,True,0.01594831753942396,0.25598645210266113
49424,260.858033749392,500,False,1.9447026343055365,True,0.015231241129785487,0.2165970653295517
49488,222.78410820196285,500,False,1.0537260257789869,True,0.013545530953938716,0.13702821731567383
49744,283.59576905628825,500,False,1.392060596835127,True,0.013498429406390485,0.1338377296924591
49840,278.9045824717607,500,False,3.191677793760447,True,0.013309360287287856,0.17435681819915771
49840,330.3909287024956,500,False,0.8421391886920704,True,0.013309360287287856,0.17435681819915771
50080,270.4076046829179,500,False,1.5804839105544026,False,0.013116177290197446,2.9610342979431152
50208,267.14570814008454,500,False,2.499710174887451,False,0.013072328778624005,0.22474081814289093
50688,295.74617506866133,500,False,2.440258420265601,True,0.012983343901585833,0.2676592469215393
51264,230.24975614404326,500,False,0.677565356014666,True,0.012648705883770062,0.3120848536491394
51856,305.45997609216397,500,False,1.6493326716793415,False,0.012281078737345125,0.26946499943733215
52368,293.57891940617213,500,False,0.7682244720662017,True,0.01193480658233482,0.1788172423839569
52400,116.4281769664466,186,True,3.4048103710141486,True,0.011635398645013237,0.23800626397132874
53088,339.275780159144,500,False,0.7246544464961641,False,0.011617491877485637,0.16335442662239075
53344,283.9541036374344,500,False,1.2314093369914874,True,0.011226564277198032,0.18534167110919952
53552,240.58544359654454,500,False,1.9148901142875334,True,0.011089359654395031,0.19041448831558228
54592,303.1416812013642,500,False,0.6506857625839432,True,0.010984370862117251,0.16381952166557312
55360,268.8230081698574,500,False,1.3341949807147224,True,0.010480848551148423,0.2788904905319214
55520,252.78193662252684,355,True,3.498262827995118,True,0.01014633533176831,0.19994041323661804
57472,224.0648216147791,317,True,2.5938997122940326,True,0.010085628924572602,0.19018974900245667
57488,418.61246640784213,500,False,1.0788961928469214,True,0.00937670476224991,0.1606220304965973
57568,229.86955457033486,325,True,3.337694556941404,True,0.00937192307593162,0.1890029013156891
57744,282.9876597572895,500,False,1.6043650197153017,True,0.009346598872753121,0.21219131350517273
57840,358.5065800021504,500,False,0.3822928014601218,True,0.00929114122633798,0.236130952835083
58080,440.1574553054267,500,False,0.5060990039823615,True,0.009262281675483293,0.21202945709228516
58208,347.77069379758495,500,False,0.669629487346142,True,0.009198100139200987,0.19452515244483948
58688,321.14320801512025,500,False,0.4298103790265957,False,0.009160736240692437,0.22456048429012299
59264,310.40225927193643,500,False,0.4375345312531641,True,0.00903043366417722,0.23002775013446808
59856,301.21554883306356,500,False,1.3939234840010035,True,0.008893452894178724,0.29579609632492065
59888,111.46571534586607,150,True,1.1508176808441126,True,0.008749825734889999,0.47820258140563965
59888,88.24688079972701,128,True,1.6076788340271948,True,0.008749825734889999,0.47820258140563965
60288,86.07067860300182,176,True,2.6906008271671573,True,0.00874284669187621,0.40026411414146423
61088,276.60032514120604,500,False,3.0455683261954793,True,0.008648753220240652,0.43776580691337585
61344,463.2576561131346,500,False,0.5579186401538647,True,0.008494444747239815,0.3397136330604553
61552,424.7544286493224,500,False,0.6221402562140312,True,0.008450533626464914,0.20102238655090332
62592,360.52402355878183,500,False,0.34111359865784313,True,0.008415790343083804,0.29178354144096375
63008,153.14172086253146,195,True,1.1393831436143895,True,0.008302361937190098,0.23594626784324646
63360,392.63647295327104,500,False,0.2727711381225517,False,0.008271611405168827,0.537615180015564
63376,197.6790023677121,257,True,1.4934887799583432,True,0.008252776049511674,0.2240496575832367
63520,398.95173065445266,500,False,0.49003386235483326,True,0.008252907560134208,0.23720932006835938
63840,172.78679563908372,249,True,2.8083043876765412,True,0.008244340989700795,0.18692001700401306
65264,409.6428355832207,441,True,1.6648694051320239,True,0.008253647480352863,0.2680894136428833
65568,407.87499111430793,500,False,0.49970638663795086,False,0.008309545018570032,0.2528981566429138
65744,293.9773585908299,500,False,1.1058381684238743,True,0.008318722202300441,0.32751062512397766
66080,403.5789025203433,500,False,0.3782062319324544,False,0.008326174201039387,0.6097760200500488
66688,446.72955579256836,500,False,0.47398846952597673,True,0.008355045893502729,0.2645995616912842
67104,173.23354001635602,234,True,2.6746380073524425,True,0.008376085176114174,0.20294815301895142
67744,406.84348751771734,466,True,4.495480211106962,True,0.00839385892752771,0.24063220620155334
67888,530.4670841367147,500,False,0.5763387891764222,False,0.008432860419233494,0.42362871766090393
68656,110.46269962082644,182,True,2.2558331856489025,True,0.008462474843395637,0.41296279430389404
69088,462.72625135260097,500,False,0.5488964017362982,True,0.008581428566988496,0.28895866870880127
69344,495.9681455116984,500,False,0.18908418916793715,True,0.00863058408674506,0.5383304357528687
69552,474.07284019158266,500,False,0.44586447403640084,True,0.008659293772004674,0.2581348419189453
70592,500.37377845983616,500,False,0.40135973235129746,True,0.008701039639168585,0.3423352837562561
71008,440.3159362787323,500,False,0.8629610849361635,True,0.008936344378749298,0.7072482109069824
71264,157.7739553799235,220,True,1.7570909788467377,True,0.008978605584108245,0.2788814902305603
71376,414.1718206013758,500,False,0.6729118684223193,True,0.009005526847404929,0.2687782645225525
71520,486.7250795107418,500,False,0.5248035663965194,False,0.009021959730991824,0.2693134546279907
71840,453.73947908201603,500,False,0.31614920120125783,False,0.009063876285025509,0.26540642976760864
73152,274.006858343523,329,True,2.622461712418783,True,0.009123031124591282,0.30229246616363525
73264,451.34357610951974,500,False,0.27430610708381636,False,0.0094774037451301,0.3930719494819641
73568,432.5577686303823,500,False,0.37937302861060623,True,0.009516691862592208,0.36062538623809814
74080,448.5657791217038,500,False,0.5733067805474095,False,0.009618742794804673,0.3182438015937805
74688,464.0612202429905,500,False,0.3563761998417873,False,0.009737915834238584,0.30400875210762024
75104,501.9729523156416,500,False,0.4079748239321646,True,0.00976839150459664,0.46669667959213257
75504,274.7323532439786,372,True,2.5087263614783373,True,0.009863217421906042,0.3733108639717102
75776,259.4649181533286,324,True,3.01350694493936,True,0.009893340547418479,0.2964368164539337
75808,121.06777485184651,159,True,0.8802356927827166,True,0.009872344679439536,0.5099817514419556
76656,471.49244426442004,500,False,0.22238100680681852,True,0.00986270975027062,0.26750028133392334
77088,483.94346556145075,500,False,0.8598874505299964,True,0.009973598703105418,0.3235909938812256
77344,462.83911211541727,500,False,0.33231058718230344,False,0.009952193549998956,0.40289437770843506
79008,427.9597621175082,500,False,0.5578090651794504,True,0.009963684899303958,0.5531158447265625
79264,419.07288089981023,500,False,1.761201297558196,True,0.009975311287117762,0.38760948181152344
79376,481.1932908910657,500,False,0.5643323367454209,False,0.009991476526002465,0.34924525022506714
79520,363.59084659217854,500,False,1.8920313799142456,True,0.009978037298010542,0.39805465936660767
79840,448.89066193625825,500,False,0.928661523436719,False,0.009960851966819373,0.608870267868042
81152,373.52517363768635,500,False,2.095380734336427,True,0.01006038424511503,1.665609359741211
81568,407.24687075081897,500,False,1.262660304285534,True,0.010178627691293974,0.5508764982223511
82080,434.77967670068057,500,False,0.7807804350263255,False,0.010176299158162469,0.5828062295913696
82688,425.0063752127954,500,False,1.1077678859480828,True,0.01021707972268212,0.39321428537368774
83104,213.72466397737605,500,False,2.468412678159985,True,0.010136599612492617,0.2750697731971741
83264,137.81681341701815,250,True,2.3514839671612604,True,0.010091746766779288,0.38913336396217346
83504,473.3474930450758,500,False,0.49036348527043416,False,0.010092487156553743,0.5079953670501709
83776,433.7693758331351,500,False,0.5398336573627567,True,0.010053041290354664,0.5147979855537415
83792,66.17994038603801,139,True,1.8722653684240356,True,0.010003175985384893,0.29786139726638794
83808,395.4328705383452,500,False,1.2231602512580215,True,0.010007132937032431,0.3645726442337036
84656,397.96274008175277,500,False,0.6803975251416737,True,0.010013401525721435,0.8981472849845886
85088,372.40443967445634,500,False,0.9226764542982187,True,0.009882206854955163,0.29609447717666626
85344,383.3360962264391,500,False,1.1364419919750604,True,0.010014835276426999,0.864841103553772
86240,338.9535556043164,420,True,3.4328135631252943,True,0.010004816607433254,0.3387780785560608
86480,138.9422888389373,444,True,5.334688410666201,True,0.010159323724902324,0.7166481018066406
87008,349.493719605877,500,False,1.2384562930702114,True,0.010183785057790985,0.4185218811035156
87840,451.1272979500532,500,False,0.9585936730777708,True,0.010186891578352444,1.9420286417007446
89024,157.82247211939728,230,True,1.3535394470530266,True,0.010271911878397827,0.58024662733078
89088,279.84125998270434,330,True,1.1199161977760432,True,0.010324628415865065,0.39941054582595825
89152,444.0150474158748,500,False,0.5685444686057632,True,0.010334516985491558,0.4000210165977478
90080,458.3394386610601,500,False,0.3931676861981498,True,0.01035161679982431,0.41014063358306885
90688,472.0243956161976,500,False,0.2597869195831834,False,0.010440637869535899,0.6473042368888855
91104,423.48693731005596,500,False,0.46643197538409675,False,0.010624078349909688,0.410624623298645
91264,415.04188477445405,500,False,0.4828775491908911,False,0.01079022103847413,0.4505722224712372
91344,164.28876762074748,271,True,2.3909776948925665,True,0.010785720461609227,0.41014760732650757
91504,446.7517665296387,500,False,1.8481056697742353,True,0.01078193077394608,0.46092748641967773
91776,466.9967027254278,500,False,0.8097774436758228,True,0.010762487858598098,0.4394874572753906
91792,447.8201251122229,500,False,0.496327554075563,True,0.010754687540946755,0.4364030957221985
92656,435.36247699168615,500,False,0.3520247481599569,True,0.01075326553097625,0.7647149562835693
93088,403.98951593071286,500,False,0.7776099067612156,True,0.010762119934648694,0.46464982628822327
94240,347.30058561457764,500,False,5.613616411700385,True,0.010790819642190108,0.373595654964447
94480,453.69861381738644,500,False,0.335316054531786,True,0.010922438202457252,0.43729168176651
94880,128.88220064256487,193,True,4.0084788220916785,True,0.010942620517958114,0.4171443581581116
95840,491.7783925155478,500,False,0.32708662586193793,True,0.010969899029833254,0.4639645218849182
95840,322.5795722239155,360,True,1.4924469309276207,True,0.010969899029833254,0.4639645218849182
96176,231.5701104038872,343,True,1.9542167987223669,True,0.011164477723311913,0.5158821940422058
97024,355.1916096074582,500,False,2.3633858438346014,True,0.011075158697308907,0.8094450235366821
97088,494.06813420762967,500,False,0.2007919772268286,False,0.011224491235600625,0.6505120396614075
97152,446.11618794499884,500,False,0.803059624613479,True,0.011218428007579807,0.46846702694892883
99104,410.633374779482,500,False,0.857250432234305,True,0.011204037853323594,0.7840379476547241
99264,537.6052416250056,500,False,0.12219181272588893,True,0.011459360147366683,0.5135488510131836
99280,289.1512229937133,387,True,5.242108472503197,True,0.011439325002625718,0.7743631601333618
99328,125.35915930202194,218,True,1.7966305349181135,True,0.01143652085980655,0.6358206272125244
99344,408.5701871005644,500,False,1.1360681183220038,True,0.011436235353318074,0.9812545776367188
99504,499.55540120478577,500,False,0.40399067524440785,True,0.011438293972372063,0.8232988119125366
99776,432.9056839609888,500,False,0.3599564748412168,False,0.011412345162742832,0.7760648727416992
100544,159.19599338419363,212,True,2.1269927714311896,True,0.011503070650985648,0.734727680683136
100656,452.60431434267724,500,False,0.5204698758066915,True,0.011487948646559257,0.5147022008895874
102240,419.46120317740605,500,False,0.7557510853336183,True,0.011488319412134705,0.5151376724243164
102480,491.50404829954925,500,False,0.22838123337462557,True,0.01178519226615366,0.7746493220329285
102880,473.15195179226157,500,False,0.8136790952686039,True,0.011809764505692433,4.042971611022949
103392,89.69162241954483,171,True,2.2959419023841647,True,0.011867511692681057,0.42064064741134644
103840,457.39662678693725,500,False,0.31759997817854996,True,0.011846955474316764,0.42952269315719604
104064,177.0909719795578,295,True,3.0161212934773403,True,0.011924326656853628,0.5508203506469727
104176,415.7505101444127,500,False,0.886131087004746,True,0.011915561961293474,0.6798783540725708
104816,383.75017437482654,357,True,1.2151172463027153,True,0.011909364780094413,0.9486483335494995
105024,489.2087873946393,500,False,0.10829384241210914,True,0.012128199757433275,0.4652344584465027
105088,443.55170583464377,500,False,0.7631090482392695,True,0.01209691957007098,0.6345387101173401
107264,443.49073619512086,500,False,0.5119892907848443,True,0.012092935277445654,0.5592681765556335
107280,565.8696277081526,500,False,0.43032164222592945,True,0.012358317555801496,0.7205668091773987
107328,417.7940645367383,500,False,1.0790867651412703,True,0.012363080795485705,0.6192830801010132
107504,426.71634141823404,500,False,1.6679457037911547,True,0.012376235311092743,0.5745473504066467
107776,400.67705418338375,500,False,0.8333079742228905,True,0.012372668752339973,1.1032339334487915
108544,438.58217917712795,500,False,0.6358024803733913,False,0.012425067134437221,0.6047596335411072
109824,89.58755728482116,156,True,1.1497800879153344,True,0.012400510854511049,0.46477919816970825
110240,403.89254939077506,500,False,1.4971807692911967,True,0.01277675977194854,1.0285600423812866
110480,427.0747914447051,500,False,0.18608714757852277,False,0.0127777399169836,0.8122830390930176
110880,501.15631703044926,500,False,0.4847314965532699,False,0.012864890167620553,0.7316093444824219
111392,450.87565452470466,500,False,0.4614728600113931,False,0.012839601064428085,0.9151712656021118
111840,324.71793906094285,500,False,1.0499510256947284,True,0.012800496638053408,0.8155059814453125
112032,215.98422906137404,266,True,1.4529253576119745,True,0.013008242166680284,0.5349611043930054
112064,475.87637581062046,500,False,0.3455246485026063,True,0.01307872580158576,0.7582632899284363
112176,425.4009947444439,500,False,0.2104345588760723,True,0.013076287545246435,1.0186465978622437
112816,416.1041631466748,500,False,0.41796463766906294,True,0.013073552122815826,0.6812071204185486
113024,480.3815654258718,500,False,0.2928047303446148,True,0.01310665579396891,0.5085322856903076
113088,454.0679129321313,500,False,0.7368335223418591,False,0.013066717135167513,0.7380678653717041
113504,156.93765338727687,230,True,0.9858975669840212,True,0.013054562131206893,0.5265895128250122
114528,83.2656015905285,156,True,2.073207708084574,True,0.013041302284331271,0.6264654397964478
115264,419.0771646793519,500,False,0.4403500975299607,True,0.013150686713128537,0.5320256352424622
115280,461.61528997079904,500,False,0.6250993077960088,True,0.01336820041145568,0.7791999578475952
115504,495.4398721470025,500,False,0.10995620629575248,False,0.013373226416405985,0.5058339238166809
115872,171.55220114548618,252,True,3.262177307521405,True,0.013483640545128473,0.5837833285331726
116544,382.1939410857076,500,False,1.1569097817169969,True,0.013438237064404158,0.4926688075065613
116704,292.04523772573106,389,True,1.3036442056169129,True,0.013490536824318415,0.8528597950935364
118240,485.5975898642268,500,False,0.43759400028849427,True,0.01356250710041227,0.8930302858352661
118432,153.56213435641658,197,True,1.4977240535311787,True,0.013698885475240404,0.6979671716690063
118528,359.07837431679854,404,True,1.9935087086083612,True,0.013679035709701665,0.505484938621521
118880,439.1126429637331,500,False,0.4277492187069405,False,0.013657621333111205,1.2540342807769775
119200,119.75822052073654,208,True,1.8755435754122847,True,0.013614641544374029,0.7189325094223022
119392,409.06500700480836,500,False,0.8769358704228644,True,0.013552323519436537,0.8258001804351807
120176,393.3880486476195,500,False,1.5204961397022174,True,0.013633252606445628,1.4032340049743652
120384,99.526101162208,134,True,1.2059864476264703,True,0.013561268501011416,0.6688407063484192
120816,402.5725337431466,500,False,0.9045721633607178,True,0.01359962922900514,5.443475246429443
121024,441.42812572506523,500,False,0.8753362864290061,False,0.013660289665510424,0.5468018651008606
121088,502.30902027251386,500,False,0.19161348590657762,False,0.013707405770162762,0.5810832381248474
121504,490.26261590099756,500,False,0.4752092678263582,True,0.013716357761029524,0.6387176513671875
122528,436.17244910339656,500,False,1.003252994701073,True,0.013761913791957436,1.0206198692321777
123264,463.17085357451174,500,False,0.35561698266813935,True,0.013510842485163701,0.6029825210571289
123456,145.38892412323472,254,True,1.8295561434014729,True,0.013628900991620906,0.6357933282852173
123504,408.75443815645355,500,False,0.856198689083974,True,0.013664261882246289,0.7763370871543884
124544,385.05184677031576,500,False,0.7687687988284071,True,0.013691826301252435,0.6338486075401306
124704,451.17698881261515,500,False,0.3918129062820377,False,0.013688794028502227,2.5909299850463867
126432,484.29864467127635,500,False,0.6137654520910244,True,0.013655894722948958,0.5205274820327759
126528,399.94217697185934,500,False,0.9007933842549396,True,0.013605881488729949,1.0485981702804565
126880,426.2263013542761,500,False,1.3123159466656782,True,0.013591543379966679,0.5149424076080322
127024,325.60355118091974,371,True,1.952487217497759,True,0.0134888034623291,0.908892035484314
127200,408.25832969162775,500,False,1.4625153963129813,True,0.013437608050158317,0.7451646327972412
128176,349.9211938997378,500,False,1.9296849121501418,True,0.013414990093467529,0.8513222336769104
128384,410.03317165581393,500,False,1.4105178252527961,True,0.013548748640800296,0.6456820964813232
128816,435.86269738072156,500,False,0.6960527630529303,False,0.013408039672425258,1.0462448596954346
129024,415.5102222487742,500,False,1.1734070605169309,True,0.013424044277101147,0.523350179195404
129504,361.3426415384883,500,False,1.3110187238108222,True,0.013271411590842594,0.6114823818206787
130464,95.25349158784017,224,True,6.016195424364273,True,0.013215308472443597,1.0068106651306152
130528,388.5415276991313,500,False,1.1159242547302837,True,0.013212679594853092,0.5798373222351074
131264,403.6490383341016,500,False,0.7213020367177805,True,0.013168828708942322,0.7752305269241333
131456,445.8038173309356,500,False,0.5543577387483614,True,0.013240800806119727,0.8673838376998901
131504,435.86820163346596,500,False,0.373181417533172,True,0.013302269265800304,1.2536033391952515
132512,91.49300038895935,188,True,1.2695803143948678,True,0.013303548666264372,0.5991528034210205
132544,394.290271357035,500,False,1.0104549633796398,True,0.013510841054735519,0.7383663654327393
132704,430.09832238744843,500,False,0.8021810660241007,False,0.013531708894863971,0.5512772798538208
132960,201.38781682332754,299,True,2.253970316330232,True,0.013532681305749281,0.6634043455123901
133136,285.28318870004466,382,True,1.4191577929997228,True,0.013584491468016062,1.193946123123169
134432,407.2958661699409,500,False,0.7266978196486442,True,0.01355514632437682,0.516058087348938
134528,468.42608517564474,500,False,0.1204359796643103,True,0.013421668878405875,0.8828568458557129
135200,483.5265873836451,500,False,0.383205467189866,False,0.013394145221650172,0.8268840909004211
135696,298.1631737166897,417,True,6.139526185756324,True,0.013514005003646643,0.5387097597122192
136384,429.38503905883954,500,False,1.2870904306296993,True,0.013663145978544755,0.6842635869979858
136816,463.67278277797493,500,False,0.29036486180788934,True,0.013476085795857606,1.3209106922149658
138464,418.39177465012006,500,False,0.3979084951922995,True,0.01341646984916531,0.5929239392280579
138528,510.93119708405214,500,False,0.4353872749650551,True,0.013277687672657268,0.6112022399902344
139264,413.08542526721476,500,False,0.7359762161331762,True,0.013263246322555704,0.7987033128738403
139376,121.07498059205699,187,True,2.0770029683109215,True,0.013189597648829966,1.0223314762115479
139456,438.8920640192474,500,False,0.16716412600356922,False,0.013160783570828965,0.6992372870445251
139504,368.95487192188915,500,False,1.1901760670167778,False,0.013182584069327907,0.7091935873031616
140512,446.334352342221,500,False,0.27623090833237884,False,0.013197760509306213,0.4979111850261688
140544,423.42655214398604,500,False,0.6810366597068853,True,0.013307438676805542,0.5428321361541748
140704,473.6301380237255,500,False,0.3235518421011908,False,0.013312767793824483,0.8322063684463501
140960,300.0381355241019,500,False,2.08611049397412,True,0.013257216069435026,0.6241582632064819
141136,427.06081278572776,500,False,0.6293667544790598,False,0.013288430271299227,0.5571408271789551
141536,324.25353805829445,365,True,1.6033514382034444,True,0.013278485250814324,1.4493412971496582
142432,349.0041139996455,500,False,0.8674947664824864,False,0.013339917710390958,0.6624122858047485
142528,424.4848660206271,500,False,0.4715305580970558,True,0.013424844066422631,0.6916314363479614
143200,533.6850051712507,500,False,0.28195803869672836,True,0.013413969707918656,0.7048259973526001
143888,152.57260182006195,274,True,1.6030113382256015,True,0.01326837473830714,1.169817328453064
144816,450.2155811878771,500,False,0.3208228959515628,False,0.013237232712489106,1.055490255355835
144896,250.4685262843335,340,True,2.349038714815235,True,0.01327610159466961,0.629863440990448
146464,176.46198580817946,500,False,4.670405245316848,True,0.013276706078111556,0.7076691389083862
146528,371.08150718644214,500,False,0.9773107012867894,True,0.013777714738761018,0.8442994952201843
147264,398.9037939038059,500,False,1.0086495512495919,True,0.013785500922604119,1.5919544696807861
147376,362.27775379507614,500,False,1.3737140414977949,True,0.013879786099969092,0.8950188159942627
147728,140.77008250434764,182,True,1.8651527951184697,True,0.013904279718100444,0.5936793088912964
148512,461.4906266877327,500,False,1.2993042255479101,True,0.013835213476056424,1.3734415769577026
148544,509.8491501951918,500,False,0.40381743838700673,True,0.013852230344386157,0.6641503572463989
148704,446.82954010191446,500,False,0.2096673757527444,True,0.013837513789276772,0.5142630934715271
148960,426.88809501979114,500,False,0.5383300793050234,False,0.013886645861238396,1.1599266529083252
149136,382.1860446810799,500,False,3.9030446197435067,True,0.013877852568888101,1.0524916648864746
149536,439.2742338284528,500,False,0.3628236552514233,True,0.013803927396362672,1.0315907001495361
150432,392.7320042306715,500,False,0.7662807499757556,True,0.013650511293379368,0.6570711135864258
150528,411.41324547767897,500,False,0.7217858832220663,True,0.013470132868150828,0.928216814994812
151200,422.6544110933102,500,False,0.4352662359561452,False,0.01347590332398437,1.0778672695159912
151888,506.5968913358694,500,False,0.21128283101363238,True,0.013583074618731941,0.6858007311820984
152496,141.03834619719956,247,True,4.478208777949589,True,0.013542421990272415,1.0648274421691895
152544,177.97192076507608,213,True,1.187563525391953,True,0.013473111080002226,0.7030378580093384
152896,302.83222035634856,500,False,1.9404614050711706,True,0.013467814221838972,1.130700945854187
154464,405.3344765270306,500,False,0.6988965765300097,True,0.013580149210956934,1.3993494510650635
154528,418.6492289629208,500,False,0.8622948921017192,False,0.013803608089482776,0.9146040678024292
154816,231.54260135059826,274,True,1.7044630947988455,True,0.013824152904299523,4.015711307525635
155264,460.1869073436186,500,False,0.6873026506973043,True,0.013782157379196623,0.7421184182167053
155376,443.9065839630423,500,False,1.2330850453746178,True,0.013802961021162324,1.048915147781372
155728,389.1301014069782,500,False,1.1931095880270657,True,0.013771682661440798,0.8569062352180481
156512,453.07959632530293,500,False,0.5120835860077372,False,0.013751590527247249,0.6895285844802856
156704,422.83676434648976,500,False,0.657003528011548,False,0.014010803375972682,0.9135814905166626
156960,456.4880735144343,500,False,0.545636271821141,True,0.01401616074709529,1.5747438669204712
157536,360.18289534087916,500,False,1.987743586128043,True,0.014108690669743141,1.1424238681793213
158528,457.88192672059347,500,False,0.7719006338476505,True,0.013956580626076891,1.021815538406372
159200,438.42983656794087,500,False,0.8330620874034596,True,0.014089100562291089,0.8328603506088257
159888,406.4477754542565,500,False,0.8930367684345035,False,0.014014612459405525,0.899215817451477
160128,297.1530915015167,350,True,0.5741922062494897,True,0.013978416168510635,0.5639315843582153
160496,418.92612165107397,500,False,0.7539969644983147,False,0.01387365824006146,0.8607429265975952
160544,475.4666601382218,500,False,0.38610201483262424,True,0.013885746250337358,0.7004952430725098
160848,278.3229728325984,377,True,3.2179741053742137,True,0.013885312912567963,3.3976223468780518
160896,443.0714328737696,500,False,0.5266128311908057,True,0.013822450410906881,1.0033990144729614
161296,190.02768891415258,377,True,2.8716290892757432,True,0.013803188866729092,5.319869041442871
162464,428.1806181375515,500,False,0.9302588358381717,True,0.013766422474112559,0.922317624092102
162880,274.78787315298644,334,True,2.415902002805629,True,0.013361324241058545,1.0946640968322754
163376,418.05340833537497,500,False,0.48519962201824995,False,0.013303400787400107,1.1374890804290771
163728,433.78782401461103,500,False,0.756535960903807,False,0.01339812269131768,1.0780675411224365
164512,384.97046572151993,500,False,0.6108192205960218,True,0.013501828379761903,0.8127005100250244
164704,381.33147862128703,500,False,1.016018266544842,True,0.013543681484859063,0.7809121608734131
164960,407.85897376169504,500,False,0.647446872857875,False,0.013606352586627766,1.3484501838684082
166528,415.43649217291085,500,False,1.0977603234821631,True,0.01367394759241319,0.8125225901603699
166880,95.51457909980812,148,True,1.5487035820754904,True,0.013875182166759469,1.0524787902832031
167200,404.3620172523926,500,False,0.7122635535893721,False,0.013918331568018671,0.6462678909301758
167888,379.4309369998662,500,False,1.0268859169351845,False,0.013882967699107374,0.9821180105209351
168128,414.1601350297565,500,False,0.2779254878166432,True,0.014172863363688191,0.987018346786499
168192,89.94498993969692,218,True,1.3133067773282283,True,0.014168725833208575,1.142608880996704
168496,414.15690712304377,500,False,0.7425490745336902,True,0.014206539133386369,0.7045652866363525
168544,394.1263267464364,500,False,0.8520039833696534,False,0.014093295934755464,1.2802069187164307
168848,425.83736640464554,500,False,0.7428858576953922,False,0.014111003739721297,0.9279239177703857
168896,473.27125368350994,500,False,0.1323962514375561,True,0.014112909783902705,0.8580098152160645
169296,425.8692261642541,500,False,0.29226760744029384,True,0.014112484906437139,1.071068286895752
169664,164.10023602374844,294,True,3.195070726499969,True,0.014247762862247127,0.7260813117027283
169968,162.54984201836947,215,True,1.2189392651376532,True,0.014238251387671891,0.9040177464485168
170464,318.1868487140194,500,False,0.9461760426750615,True,0.014163525713900544,0.9097495079040527
170880,412.91732027535414,500,False,0.1619337551930222,True,0.01407824936259973,0.5377417206764221
171376,355.2551262381767,500,False,2.4112261319124846,True,0.014117901003641678,0.8429026007652283
171728,463.83235254665107,500,False,0.3699499840461414,True,0.014415706239599558,1.1621192693710327
173632,203.00162528731272,271,True,1.8676499731063128,True,0.014501078909869963,0.9589543342590332
174880,435.1748838156475,500,False,0.5628853324826826,True,0.01463103471026719,0.843859851360321
174944,265.88799568776915,484,True,3.1029838521561177,True,0.014722313889237655,1.595888614654541
175888,462.5869970253118,500,False,0.8662161755497093,True,0.01476391503529454,0.9720580577850342
176128,441.06725613115395,500,False,0.5513093176647862,True,0.014660422346135276,1.2771446704864502
176192,437.3171022211774,500,False,0.5154452026410884,False,0.0145816581622144,1.144546627998352
176496,429.0947583097216,500,False,0.674956246647058,False,0.014599888127382481,1.1600923538208008
176544,447.07300509120654,500,False,0.7886531253139994,True,0.014577239127783416,0.8552266359329224
176848,465.6816274290429,500,False,0.5224459587361286,False,0.014551563042215297,0.7973619699478149
176896,374.40089814144227,500,False,0.775892220138947,False,0.014492375119374044,0.6771196126937866
177120,225.5874042854343,337,True,4.785027897957597,True,0.014472269508403395,1.215820550918579
177664,485.75872862934244,500,False,0.7359382806243809,True,0.01447741147119544,1.414449691772461
177968,331.0701678718365,500,False,1.8377543830609278,True,0.014474650147769346,0.9890392422676086
178464,462.59516715686317,500,False,0.863048877726095,True,0.014496066421098013,1.7176005840301514
178880,490.87409321477037,500,False,0.7509611709301125,True,0.014442553965711119,1.278418779373169
179312,83.74917960236584,214,True,4.204176709159518,True,0.014414196165542818,1.5847041606903076
179376,428.7480030848665,500,False,0.5609697295369237,True,0.014414682710784693,0.9672816395759583
179584,281.525086331501,372,True,1.1518969897273124,True,0.014457357885086803,0.6657863855361938
181760,241.20821849115524,307,True,1.227726739069778,True,0.0144772640823279,1.7420907020568848
182880,412.0139386313305,500,False,0.5827568786969681,False,0.01448614429935217,2.114805221557617
182944,377.99503865988254,500,False,1.1080208230081656,True,0.014386331441866749,0.9826909899711609
183296,221.62049342490263,425,True,6.000792178729606,True,0.014389360989640757,1.0055323839187622
183376,260.07649549001195,391,True,5.18617689512716,True,0.014336919598473582,19.56900405883789
183680,284.1115444141649,357,True,1.424179255854092,True,0.014386075443677215,1.6472480297088623
184080,194.11142299854603,325,True,1.8205169080937162,True,0.014427327346368951,1.305540919303894
184128,383.1459047817163,500,False,1.2450792830683806,True,0.014459537300933249,6.414765357971191
184192,467.6002509520059,500,False,0.7100490639328737,False,0.01446353717035773,0.9083943367004395
184544,403.26757457750836,500,False,0.2633652935736015,False,0.01447110604080873,0.9181945323944092
184896,436.45690881036205,500,False,0.39260606363164907,False,0.01442413808210918,23.06345558166504
185664,364.6365329676204,500,False,0.7967616494482841,True,0.014107900744035269,1.7772388458251953
185808,307.5693567773655,402,True,1.2128587422656676,True,0.014001330158318384,1.6175730228424072
186080,151.09045047074616,270,True,6.083105457620293,True,0.013990263153135674,1.4600871801376343
186464,440.886441740075,500,False,0.18464696154356766,True,0.014055308206573566,1.7566089630126953
187312,455.1325116717826,500,False,0.3918855631339009,False,0.014155324149454926,1.1012293100357056
187584,402.63898209650915,500,False,1.225435277037367,True,0.014468957930170447,0.7481825947761536
188976,235.48177858896855,331,True,1.1105888759476625,True,0.014385797280070656,0.9225143790245056
190880,467.64007410509015,500,False,0.41806935371829296,False,0.014422545602361956,1.0817244052886963
190944,430.9638340467706,500,False,0.9958762248233356,True,0.014519117074276878,1.1152838468551636
191296,404.2655216491317,500,False,0.8228747500629624,True,0.014485745393932548,1.1393201351165771
191376,371.03700689856004,500,False,0.7347506229476412,True,0.014593261986683927,2.106706142425537
192080,390.00849243511357,500,False,0.9401581222514767,True,0.01458766894623768,1.364138126373291
192128,336.5052964716293,500,False,1.0576900775565774,True,0.014471260180397044,1.3808903694152832
192192,477.77896823249165,500,False,0.15671005081044517,False,0.01444555961955478,1.6417644023895264
192544,427.51812593389894,500,False,0.8042695361850022,True,0.014430115910363724,1.3189140558242798
192672,217.4659042115813,318,True,1.6776383325073132,True,0.014310433625659216,0.7963176369667053
192896,388.7688079370522,500,False,0.8844904744884946,True,0.01422813686428606,1.7960748672485352
193664,456.7989418654761,500,False,0.41003373765576384,False,0.014219509464310021,1.7418562173843384
193808,455.4372644826541,500,False,0.5553003741419626,True,0.01438316467767078,2.330073356628418
194080,486.0903456923065,500,False,0.7456591686266553,False,0.014356260741168247,1.271314263343811
194384,286.8056365006442,442,True,2.258028974455242,True,0.014472521374370453,3.101983070373535
194464,397.89885968679516,500,False,0.637600549626002,True,0.01462185339588971,0.7478463649749756
196064,174.89364942235017,246,True,0.8507494991179188,True,0.014626906166739348,1.5425529479980469
196976,474.8372325450114,500,False,0.6640629430387383,True,0.014402651982863703,1.2558201551437378
198880,388.8231515645955,500,False,0.9294079494036853,True,0.014421362521637547,1.2786083221435547
198944,431.64065462882905,500,False,0.6464832237889153,True,0.014464410363707422,1.7063987255096436
199296,418.7151821565098,500,False,1.2069480510498576,False,0.01444268835643673,1.8556181192398071
199376,379.8000217959774,500,False,0.7403244152693879,True,0.014225405000176957,1.1815180778503418
200080,425.7049918394549,500,False,0.548573610820337,False,0.014136885356763716,1.080986738204956
200192,402.8996064267414,500,False,0.8387585390047254,False,0.014131404271329194,1.4680299758911133
200544,384.1471459603851,500,False,0.5087684019024982,False,0.014062356294206721,1.2481613159179688
200672,406.25117021347853,500,False,1.2685469215293301,True,0.013999469657651887,1.398193359375
200880,283.6722857640228,406,True,6.1889779014667905,True,0.013943459727022765,1.504357933998108
200896,434.6311731954437,500,False,0.45119527939221904,False,0.013949981428424676,2.695272922515869
201664,415.77463599914887,500,False,0.36187667759738024,False,0.013951485056042663,0.8135795593261719
201808,410.6844919799467,500,False,0.3918157530437232,False,0.014005371714430014,0.865619421005249
202080,444.8892329916769,500,False,0.12871248526832424,True,0.013998690377391605,1.137132167816162
202464,425.0776643321433,500,False,0.8526376933474349,True,0.013908547633318495,0.9789835214614868
203072,160.65002357401443,262,True,1.4946324668254778,True,0.013998519860560986,2.0766448974609375
204064,427.79181001479634,500,False,0.15148608428701527,False,0.014175375865864374,1.6874905824661255
204816,217.75853925602442,340,True,5.083833152757693,True,0.014059617577288559,1.7161762714385986
204976,357.6824960483701,500,False,0.5788553603781066,True,0.01423854437747483,1.2798337936401367
205040,175.98042454966767,260,True,3.2085315603089,True,0.014302235864806974,1.4054138660430908
206704,232.25345085112139,385,True,2.9574584735624283,True,0.014279453860770334,1.5904414653778076
206944,389.70364273969983,500,False,0.3928222948445799,True,0.014254422352157197,2.9769883155822754
207296,334.19046177650006,500,False,1.6186388659342141,True,0.014238544907697815,1.0551416873931885
207376,163.56844682291273,269,True,2.7421475088763776,True,0.01409945616937355,4.609402656555176
208080,410.8861317287281,500,False,0.46178864399814007,True,0.014060391787218783,1.4097423553466797
208176,231.6900169262637,381,True,6.0442828658335825,True,0.014128899374971065,0.8666421175003052
208192,382.5471267949992,500,False,0.5001984091311256,False,0.014137598389244544,1.444593906402588
208672,414.222116293964,500,False,0.8623198154989399,False,0.014140844836504907,2.1003265380859375
208768,317.82277705697334,394,True,1.4901867650271463,True,0.014318275890410508,1.3009397983551025
208896,392.98154990328686,500,False,1.4039630600433983,True,0.014330219724578975,2.9132001399993896
209664,401.6829966563716,500,False,0.416293332774468,True,0.014347803110357518,1.7973358631134033
209808,395.2822515118333,500,False,0.5718632688243294,False,0.014395171791953822,9.658979415893555
209904,214.03034489073613,318,True,1.6985946090268373,True,0.01438085401435755,1.3480186462402344
212016,62.50018939171639,147,True,2.8817542818130133,True,0.014362059680081082,1.2769629955291748
212064,339.30151608191403,500,False,1.9553259085695152,True,0.013869172429430658,1.133326768875122
212896,143.31554120796545,264,True,1.5082797524361418,True,0.013847827521052921,1.2282156944274902
212976,440.3096103150428,500,False,0.6136376967485128,True,0.013975391882586506,1.0448944568634033
213040,384.194122701677,500,False,0.9583291692500129,False,0.013975019355335985,1.5732274055480957
213216,276.87343775407237,407,True,2.473000202915516,True,0.014020549012731712,5.3354692459106445
214368,257.4530178680329,350,True,1.8659235153227518,True,0.014132722060852969,2.100205898284912
214480,259.5855596103318,286,True,1.6230820935967527,True,0.013709422892103362,1.6440318822860718
214944,368.0251663479684,500,False,0.9420925321356405,False,0.013694126453358635,0.9382026791572571
215296,374.2370550132994,500,False,0.5046311357582443,False,0.013562745305773852,1.6788970232009888
215376,397.4278525399159,500,False,0.2365935792666087,True,0.013552561155202496,0.9840585589408875
216080,393.7746266772184,500,False,1.124063630532445,False,0.013540783821659777,2.365907669067383
216176,386.82021795184545,500,False,0.9937438978943182,True,0.013511474629001296,1.8266677856445312
216192,408.38783592155517,500,False,0.48123064766919205,False,0.013524445599762134,1.3655014038085938
216896,404.03580609258995,500,False,0.6989428297398064,False,0.013517310288735072,2.2237606048583984
217808,434.1115706065234,500,False,1.0629358850588617,False,0.0133194582764883,1.0499780178070068
219152,108.00591969622916,299,True,6.0508076702190445,True,0.013216746663888728,1.8733609914779663
219648,303.3615454185734,422,True,6.0827929985551075,True,0.013246532052755116,1.2134463787078857
220016,413.7357426213311,500,False,0.8773396785553066,False,0.013149031401427374,1.2223236560821533
220064,421.48761816575535,500,False,0.5739592706788982,True,0.013119953514269743,3.260474920272827
220976,392.0321684295303,500,False,0.9541564200006731,True,0.013080110420572628,3.613314151763916
221040,380.8874156980269,500,False,0.575260904253213,False,0.013281118837920266,2.018831253051758
221216,415.22910251699125,500,False,1.3149177332867905,True,0.013314270388903185,2.8433837890625
222480,169.19508657054612,292,True,6.095457972432996,True,0.013414227694177293,1.752247929573059
222480,404.3588129499656,500,False,0.7017317283128767,True,0.013414227694177293,1.752247929573059
222944,408.8968851301486,500,False,0.8658057102395794,True,0.013478822107498699,1.5630700588226318
223296,392.4614880513357,500,False,0.6277120112799262,True,0.013347990613974374,1.0729317665100098
223376,405.52433389586685,500,False,1.5536271980489416,True,0.013334006874119547,4.056520462036133
223440,62.82904785927069,139,True,1.7119268246203838,True,0.013291782629120107,2.563204288482666
223968,234.19795311617028,442,True,1.6391636979169562,True,0.01331324679004205,1.0501229763031006
224080,375.8483253371177,500,False,3.1842419958430255,True,0.013121852687526912,2.373790979385376
224176,397.7441616073252,500,False,0.3786201257187718,True,0.013065617422019898,1.4459689855575562
224192,382.0021371388586,500,False,0.790616148583676,True,0.013020560598082225,1.6518685817718506
225712,130.18260467729857,296,True,6.025932171514002,True,0.013001749412670283,1.5333209037780762
227008,130.6067654110893,227,True,1.9918790934417552,True,0.012705174299703739,1.4138391017913818
227152,352.67661573425096,500,False,0.7915399773072983,False,0.012905957822482416,0.9446051716804504
227424,180.78286701969552,309,True,2.643776685501579,True,0.012804049069892213,1.160354495048523
227648,384.9684571843167,500,False,0.7858830578157704,True,0.01285010528824756,1.361797571182251
228016,365.49353510021166,500,False,1.6453729526007952,True,0.013049378494556918,1.7443292140960693
228064,353.52042980426427,500,False,1.0666427049707874,False,0.01291990540736477,1.4787366390228271
229040,362.9981371572595,500,False,0.7657753643173953,True,0.012890117994402667,2.035095691680908
230480,387.29351699526137,500,False,1.4281520741820772,True,0.012631280567933195,1.199123501777649
230944,344.81033590101924,500,False,1.0403029091214981,False,0.012413258390618954,1.1801083087921143
231296,390.6690414722507,500,False,0.6745575370736796,False,0.0122993994340179,2.127106189727783
231440,324.3647282557921,500,False,1.5401781853114538,True,0.012291895775321022,0.87718665599823
231968,390.9501293148942,500,False,0.856506251852374,False,0.012253798541866869,1.7632440328598022
232080,402.6717243734633,500,False,1.158342892625261,True,0.012220707611802294,1.8471617698669434
232176,352.22362219413276,500,False,0.8343742305271554,False,0.012204256513813808,1.2570476531982422
232192,364.29032918209515,500,False,0.800286711411552,False,0.012133528287898406,1.8069407939910889
232576,203.95747209572133,348,True,6.0484242583478105,True,0.012124261609448371,1.191325068473816
233712,378.46222600447163,500,False,1.2255233040403317,True,0.01219638255900611,1.121833086013794
233792,308.46055744302294,398,True,2.2365761177162,True,0.011930233079471823,1.3035447597503662
233952,261.5290600868421,394,True,1.267750002206995,True,0.011928668712436462,2.8614838123321533
234560,278.0153440138663,409,True,3.027349411540598,True,0.011902678502668842,2.539402723312378
235152,391.0544900304989,500,False,0.888753784501703,True,0.012153778261263308,1.494335651397705
235168,-9.97832573490846,1,True,6.215382461908725,False,0.012070711556229767,1.1054632663726807
236064,296.79428972604074,500,False,1.1637677545556797,True,0.012063168216912305,0.9280348420143127
236176,162.2974159294175,250,True,3.1529868261183718,True,0.012129754650527892,1.0167039632797241
237040,346.41830749492306,500,False,1.5189245215381906,True,0.012189858144861369,0.9197214841842651
237408,119.96464778158867,226,True,3.7211450796081937,True,0.01248180003777046,2.592613697052002
238064,213.56882932016057,257,True,1.6630716696703638,True,0.01241887663816347,1.6114675998687744
238480,354.8403079956064,500,False,1.7582736995783725,True,0.012557933739671928,1.6220792531967163
238944,330.13466577805576,500,False,1.1330337978117897,True,0.012696036864643975,1.346280574798584
239296,378.1185449255204,500,False,0.984751046949944,True,0.01277384551452712,1.978234052658081
239440,114.55420743643144,500,False,3.9580352228367595,True,0.012815064597512988,1.3594504594802856
239728,96.84599804676674,222,True,4.339179459637727,True,0.012749968692908406,1.9442718029022217
239968,385.72582963039906,500,False,0.1199466837693501,True,0.012641558536874604,1.4525120258331299
240080,391.6700251374969,500,False,1.5874569510419987,True,0.01261404230485144,0.8666128516197205
240192,308.6445630049712,500,False,0.656826078283548,True,0.012611205254906622,1.1502230167388916
240576,374.5493976101457,500,False,1.638889651689346,False,0.01260751375958556,1.4039815664291382
240704,225.49494109356453,346,True,3.602977904800223,True,0.012596921224968532,4.331174850463867
241712,370.5072440796261,500,False,0.9168061490767628,True,0.012631929157860508,1.3049845695495605
242560,361.1035056138922,500,False,1.396997979542889,True,0.012306794308637842,1.6465556621551514
242912,100.53287401274775,184,True,4.433791553089047,True,0.012200865916454567,0.9016534090042114
243152,63.6034710607297,153,True,2.0211407850649663,False,0.01211968887199298,1.132550835609436
243824,76.88383207168903,203,True,2.3078622051623423,True,0.012130402626361596,1.1809484958648682
243936,151.16108966132617,341,True,6.0335563115795265,True,0.01213338002973698,2.387512683868408
243984,133.46396962093272,315,True,6.0170352369762625,True,0.01217956804110856,1.1923754215240479
244032,288.7327275198017,437,True,3.039916483134184,True,0.012215576066245576,1.2230396270751953
244064,318.0894791246554,500,False,0.902464044503566,False,0.012233163898574088,1.5209906101226807
244512,178.7244444756184,317,True,2.8169900024435313,True,0.012238362588680158,1.5460050106048584
245408,239.04617077119542,500,False,1.915186488281588,True,0.012215501993748181,1.5758451223373413
245968,250.6235132610729,368,True,1.6238860406273663,True,0.012149831620841888,1.7829782962799072
246064,318.25289707808884,500,False,0.8325827657550875,True,0.01200729713082785,2.829700469970703
247120,304.37536970059165,462,True,1.3063369770949709,True,0.011979680448059428,1.6374526023864746
247296,321.88350467114543,500,False,1.032060944664308,False,0.011808494115331155,3.2566747665405273
247728,290.0206271095658,471,True,1.6777226186505545,True,0.011838894462654296,1.376787543296814
248608,87.18445491137032,165,True,2.3981833762180687,True,0.01193630469572742,2.0635335445404053
249712,314.7002416894172,500,False,0.5795870621018405,False,0.011744572205968688,1.1862095594406128
250384,-8.637767014355024,166,True,5.685836780460041,False,0.011964293508539895,1.4242312908172607
250560,435.10242061005147,500,False,0.5659439638418416,False,0.011997348642811384,1.9634701013565063
250912,372.9946182748566,500,False,0.8300632601857509,False,0.011974002002395786,1.162649393081665
251152,355.5664490750755,500,False,0.7875659241271422,False,0.011905903567616904,1.036683201789856
251264,186.21372227957275,422,True,2.530690950062429,True,0.011819805788101278,1.1020088195800781
251456,353.8784777748086,467,True,1.2005480017474097,True,0.011882315655216085,1.304430365562439
251824,402.0680796689238,500,False,0.47291229975847665,False,0.011939481226614047,1.4353781938552856
251936,386.737872789555,500,False,0.29785268670340637,True,0.012066047846030195,2.3392415046691895
252032,405.53304791457066,500,False,0.6084283423902256,True,0.011983206173717748,1.782336950302124
252064,434.78154746656,500,False,0.4820869270083951,True,0.01201758380973733,1.0262821912765503
253408,413.2417798539817,500,False,0.893400802912077,True,0.0120217366818617,1.039917230606079
254064,362.22328177405086,500,False,0.8891579264916167,True,0.012083926056940527,1.3440343141555786
255120,407.94512359494195,500,False,0.9322933128441965,True,0.011946206100472421,1.45662522315979
255296,429.8977128239578,500,False,0.5185231013486988,False,0.01193125537372048,7.643207550048828
256608,393.9525891503111,500,False,0.8697228371548248,False,0.0117465175012264,0.9889018535614014
257712,369.2906738926223,500,False,0.865401616135249,False,0.011817587760835442,1.160311222076416
257888,310.1681866645206,458,True,2.4640796738688207,True,0.011743744902703518,17.814830780029297
258384,273.85977173742253,500,False,2.3785398712269084,True,0.011681005908381826,1.0562248229980469
258544,319.35828136524094,462,True,1.7219703770758268,True,0.011596136732913381,3.9779253005981445
258912,373.31492310831806,500,False,1.82342947518724,True,0.011507903681469011,1.0891897678375244
259264,372.3998768923837,500,False,0.9463380512722244,True,0.011489620726888238,1.7592201232910156
259456,428.0582951590716,500,False,1.0264440539855824,True,0.011533820904836735,0.87629234790802
259824,383.53863332846834,500,False,0.8571814863169752,True,0.011654954756063778,1.3250393867492676
259936,397.7460640611666,500,False,0.757773551023724,True,0.011608248939433541,3.777099370956421
260032,361.13324127158006,500,False,0.5034053420329939,True,0.011582117898609644,0.8222745656967163
260064,449.16750075339115,500,False,0.39362087029232756,False,0.011562997820823684,0.8778915405273438
260944,120.27320104241922,271,True,1.2446157627024477,True,0.011567693925622109,1.031343698501587
261408,256.802022916403,500,False,1.609876622388053,True,0.01158423486358754,0.7310298681259155
262064,355.52993276342,500,False,1.9719577989404136,True,0.011711098304775328,1.3276084661483765
263120,354.0374657145155,500,False,1.4405943685240412,True,0.011718025938859376,1.2060935497283936
263296,287.6553577982767,500,False,5.3714782721179715,True,0.011701460614168114,2.540477752685547
264512,215.43594971672627,286,True,3.1014990974776198,True,0.011682329454042451,48.98939514160156
265712,473.43447822120635,500,False,0.49060931659871154,True,0.011451138345441989,1.5269299745559692
265888,397.72471628559384,500,False,0.9077754102261175,True,0.011766866051311727,0.8697407841682434
266384,351.06766209112834,500,False,0.9746333511811232,True,0.011747728392194927,1.7409693002700806
266544,379.0845124787216,500,False,0.8734863124798677,True,0.011949071793181401,0.9840004444122314
266912,380.21920444623106,500,False,0.7230825452271546,False,0.01190897464236374,0.9422647953033447
267264,377.82588577222964,500,False,1.3590236669682492,True,0.011813329126178652,1.0044201612472534
267456,467.15022982768875,500,False,0.34497832452700117,True,0.011895128480252325,1.144648790359497
267824,454.13985033181564,500,False,0.21070939986138382,True,0.011805884347415613,0.938753604888916
268032,434.87991648761636,500,False,0.7372581172067163,True,0.011726142736789756,1.1447553634643555
268064,374.780493036949,500,False,1.684380334716635,True,0.011713523410316277,1.3895679712295532
268864,73.91945033975651,186,True,3.400278298994263,True,0.011696642229683233,11.211599349975586
268944,393.0899932264401,500,False,0.8062682711054407,True,0.011472392325001553,1.2348685264587402
269408,404.6489268005175,500,False,0.636216774654368,True,0.011413623861899784,2.3040072917938232
269840,81.94960984746392,183,True,2.7116831249324114,True,0.011226083366818788,1.658652663230896
270064,441.4094779621185,500,False,0.45370116044905906,True,0.01099945393530602,0.9904427528381348
271120,437.37429351644596,500,False,0.5911950141978967,False,0.010898356769901803,0.9221091270446777
271296,411.1782311277972,500,False,0.6270766825633761,True,0.011064223867674828,1.0993119478225708
272512,200.35980884277384,500,False,2.4914698410122487,True,0.011068323426068756,0.7869739532470703
273712,353.62969553933226,500,False,1.255888234301484,True,0.011203488176192135,1.2614061832427979
274384,431.0721092687913,500,False,0.809957395130813,True,0.011472645084112432,0.8712970018386841
274544,339.0258572295965,500,False,1.5442554444081735,True,0.011361798548991586,1.1184029579162598
275264,480.9748127599965,500,False,0.19703638980335939,True,0.01129083556758016,1.5163955688476562
275456,393.46999826742007,500,False,0.7105508582754084,True,0.011284863294817805,1.210980772972107
275824,222.23356023572254,500,False,2.0823004403112697,True,0.011327420985364515,7.830958366394043
276032,517.983819847642,500,False,0.30622093366136605,False,0.011346160238387682,1.1091384887695312
276048,275.0296680176618,449,True,4.906033217365303,True,0.011388874450506625,1.2363011837005615
276064,429.43670669492553,500,False,0.4999967996107652,True,0.011395763931667805,1.3795697689056396
276944,462.8222367090837,500,False,0.26336392513741763,True,0.011401937512377423,1.0761888027191162
277408,440.1444138410182,500,False,0.36464489351850027,False,0.011329737390803426,0.9211865663528442
277840,390.4720381749329,500,False,0.6012048105398667,True,0.011369907870435465,1.3284475803375244
278064,501.8147313987215,500,False,0.12380236288572624,False,0.011214414377042117,0.6273423433303833
279120,432.9945315125675,500,False,0.49226918547113063,True,0.011209995324710335,1.5879595279693604
279296,471.3073945223391,500,False,0.36547359688848974,True,0.011265369270166239,1.224785566329956
280512,404.6772179793756,500,False,1.1068243957845865,True,0.011209865612213843,1.5987614393234253
281712,469.26994259438584,500,False,0.46045233923810513,False,0.011131322249464396,1.9458240270614624
282256,207.3994651861909,262,True,3.5897900752611176,True,0.011021938711181279,5.365110397338867
282384,462.46939887052565,500,False,0.2532125736065022,False,0.010891076150648396,0.9813292026519775
282544,252.12635616602472,500,False,3.3190373068958423,True,0.010968959813234758,0.952124834060669
282784,334.4866606918151,421,True,1.6431921905297249,True,0.010930494944803148,1.2742772102355957
282960,289.05249807952384,469,True,3.1174125877391856,True,0.01104105873711919,1.164650321006775
283264,407.9046186450758,500,False,0.3739333058620626,True,0.011067006267462619,0.848605215549469
283648,396.20790142194676,474,True,3.1908800877570163,True,0.011129876046405352,0.9363076686859131
283824,438.3309268128893,500,False,0.22454309092599756,True,0.011004271672262528,1.2727899551391602
284032,490.03410971158615,500,False,0.14532280410979248,True,0.011025084360885938,0.8377163410186768
284944,398.93179362432005,500,False,3.2946921680318972,True,0.010999412185708213,0.8685858249664307
285408,521.8512985618961,500,False,0.25654617776580235,True,0.011132321152377738,1.574282169342041
285840,330.11412132400926,500,False,1.0946926939098403,True,0.011264437440560982,1.4135711193084717
287120,486.1001406984433,500,False,0.6386930026935143,True,0.011420183347548862,1.4968489408493042
287296,433.744493599984,500,False,0.34063085682198463,True,0.011499256375360336,1.2550488710403442
287328,99.61149893019278,230,True,2.1760907771215185,True,0.011430420837764644,1.128405213356018
287872,320.9329235742665,385,True,1.841896523468301,True,0.011430576317050117,1.8992230892181396
288512,313.4625000021622,500,False,0.747419065197633,True,0.011391496845130567,1.162390947341919
290000,298.41559028058714,440,True,2.256660047321515,True,0.01168522687473029,1.5371992588043213
290256,474.98124517810555,500,False,0.8661343729243763,True,0.011677239437983397,1.568181037902832
290384,450.1199302359439,500,False,0.4757957434940547,True,0.011643075700926982,0.982181191444397
290544,467.7615022978065,500,False,0.22609888576021855,False,0.011614808738390959,1.5990221500396729
290784,458.3274523643054,500,False,0.3024445508104582,False,0.01158636153343048,1.0446782112121582
291264,586.2047982884296,500,False,0.10381307727387101,True,0.011793225320958249,1.5779985189437866
291344,69.43964456496451,177,True,2.6371569335904956,True,0.011766308071244931,0.7525819540023804
291824,513.5846126029858,500,False,0.27512905132178345,True,0.011740460221520465,0.8445993065834045
291920,179.17130886272338,380,True,3.578198402719325,True,0.011820553685357517,1.7470800876617432
292032,486.0809004071536,500,False,0.348242765220317,False,0.011750264159658685,0.638216495513916
292080,174.0495560415382,263,True,2.286174253361922,True,0.011708605930320571,1.562921166419983
292944,482.0982926193318,500,False,0.4231183192852477,True,0.011709647330520274,2.246363878250122
293408,479.03330337799275,500,False,0.0924721793995477,True,0.011547346583350975,1.1454589366912842
295120,346.70983206356874,500,False,1.6996603316275336,True,0.011531869086502227,0.8472219705581665
295296,510.99073332275094,500,False,0.2886167036841404,True,0.011316459987217331,6.666844367980957
295328,510.2559885952627,500,False,0.28134922775688787,False,0.01120351250613739,1.4089537858963013
296080,255.90872207448794,380,True,2.462563265109847,True,0.011201649067011068,1.5233362913131714
296320,201.00189086293128,379,True,6.058442650967992,True,0.011365564749848931,1.4499690532684326
298384,448.0079707012334,500,False,0.19177276868374707,False,0.011471791073398874,1.68422532081604
298544,547.9869646514663,500,False,0.12910118268943552,False,0.011578695532555474,1.5142266750335693
298784,414.5687738793927,500,False,1.1744047981425791,True,0.011616337571984488,1.5886846780776978
299264,429.80794595810903,500,False,0.6279140740065008,True,0.011596545315333287,1.359576940536499
299344,387.8199488810341,500,False,2.155909879421433,True,0.011677446255285918,1.2586722373962402
299824,420.0928613404292,500,False,0.3093541754184935,True,0.01164612505722378,0.9189901947975159
299920,519.6916464599223,500,False,0.22182104279412132,True,0.011502206438034738,0.9592955112457275
300032,480.09207304756035,500,False,0.8065174076893301,True,0.011509218998922379,0.9549778699874878
300080,521.1539396449629,500,False,0.14326156752535613,False,0.011508419111023573,1.966303825378418
300944,497.7027551313041,500,False,0.14419711255154832,False,0.011518730125515967,1.052664875984192
301408,321.0131575480813,500,False,2.464880663350321,True,0.011621044172515221,1.6791280508041382
302128,99.07575371132249,209,True,3.614313496904708,True,0.011716123526444095,0.8509782552719116
303120,449.7294305658564,500,False,0.5763176859328706,True,0.01194750596174142,1.0797886848449707
303296,468.55918175267686,500,False,0.4375596874413112,True,0.011773643701025063,1.1248356103897095
303328,573.3191080328266,500,False,0.08947343298856059,False,0.011779574599294615,2.012653112411499
304080,485.6351804823283,500,False,1.3564198886129695,True,0.011780147285248543,1.286266803741455
304320,397.5014629628149,500,False,0.3405290695486934,True,0.011908717046667103,4.638581275939941
305968,177.5051358530996,414,True,2.7002883557298873,True,0.01188924685799747,0.9987162351608276
306384,517.8593513817207,500,False,0.16581890064404808,True,0.011785046312579515,1.044967532157898
306544,502.07870108337085,500,False,0.10017943726777598,True,0.011668439174310584,1.9098026752471924
307264,429.763153221338,500,False,1.3260636392046374,True,0.01176605947015662,1.0115413665771484
307824,456.59369861336694,500,False,0.7957850395906545,True,0.011786819567553442,1.3543801307678223
307920,506.9433629146185,500,False,0.07008799303023992,True,0.01174043082548298,1.2282973527908325
308032,491.3587967829619,500,False,0.198123558056088,True,0.011730080646673484,1.389615774154663
308080,582.1661161339031,500,False,0.18087675002815357,False,0.01168031977976134,1.29292893409729
308944,418.0832078782286,500,False,0.5928686061294038,True,0.011650962474628107,0.712234377861023
309408,298.64771420142154,500,False,1.3324830416660214,True,0.011404327323718492,1.1606810092926025
310128,491.32808850456627,500,False,0.2732337356181649,False,0.01140280682724133,0.9468303918838501
311120,456.71872974066036,500,False,1.7899356589637363,True,0.011514373441132233,0.9122625589370728
311296,244.53163765322645,500,False,2.716457648968213,True,0.011684172191492852,0.9229938983917236
311328,355.48671094327807,500,False,3.8958653851661844,True,0.011637099007714079,1.2036612033843994
312080,457.93279798060485,500,False,0.7167635359591873,True,0.011629504861894444,1.1469390392303467
312320,548.7877609398417,500,False,0.12600494419316288,True,0.011620510581000712,12.856620788574219
313968,483.2721688543087,500,False,0.4485601911559814,True,0.011666304884246595,1.0207667350769043
314384,506.7329601990337,500,False,0.42846941110879827,True,0.011684819590501223,2.0122103691101074
314544,434.7659808814398,500,False,0.8804840238096411,True,0.01185610449080823,1.4098081588745117
315264,523.4750516378971,500,False,0.3018257701307101,True,0.011896280793476549,1.0458937883377075
315824,471.9491431102176,500,False,0.17724114782003578,True,0.011854120170636055,1.3573222160339355
315920,524.8903737231547,500,False,0.37178742363488115,False,0.01175413976643599,1.3781578540802002
316032,365.1605756805295,500,False,1.0176202700926786,True,0.011758162312300122,3.6797399520874023
316080,466.6642489097294,500,False,0.2540599127897267,False,0.011729170626926235,0.5782086253166199
316944,488.2230024488378,500,False,0.3592872455024529,True,0.011692583446802204,1.1047083139419556
317408,539.5469499001026,500,False,0.10501799876410264,True,0.011969837595762811,1.0117818117141724
318128,370.922441081554,500,False,3.178622444598676,True,0.01199428555674282,1.2661921977996826
318976,248.84947455181214,313,True,1.707706614291408,True,0.012010600132565705,1.8641266822814941
319120,405.5157481730224,500,False,0.8489764695365402,True,0.012019200254491666,1.2944858074188232
319296,467.75659848941973,500,False,0.28911631362963347,False,0.012098282334245787,1.2630714178085327
319328,263.0167612755631,500,False,1.4681543176758058,True,0.012180233102080634,0.9798443913459778
319888,289.13953434603724,344,True,2.2494361023525586,True,0.01217952157768942,1.5298000574111938
320080,531.9861499330116,500,False,0.061650016821146174,False,0.012093543142662153,1.069408893585205
320144,51.903691595461865,200,True,3.370810558592346,False,0.012107988581766697,1.8373234272003174
320320,542.1952379275906,500,False,0.11733542391443068,False,0.012067930201069218,2.3937525749206543
322544,531.1399266214219,500,False,0.05487861802540662,False,0.01204432657490896,0.9071597456932068
322688,306.68996381711565,416,True,2.760624415040201,True,0.012029819560494108,1.7787917852401733
323264,441.53033426527526,500,False,0.36646915255487267,True,0.012039467690260177,1.1936687231063843
323536,450.4686030545847,482,True,4.00560699250931,True,0.012065095702793245,2.3160228729248047
323920,556.663047153151,500,False,0.06044057748630941,False,0.012134810727070669,1.776759386062622
324080,514.8192626081862,500,False,0.3988045623812212,False,0.012073330428479054,1.321693778038025
324752,312.9661394763138,352,True,1.1674974403873266,True,0.012126047006179861,1.3228445053100586
325408,315.1429790521208,500,False,1.9199607656449682,True,0.012102343509657762,1.5370945930480957
326128,495.1308887970343,500,False,0.32098045929919317,True,0.012173884621312624,1.371086597442627
326640,387.94663070440413,479,True,6.012458573683212,True,0.012224938431184398,1.4642020463943481
327296,560.5126862792963,500,False,0.09963727230788078,False,0.012232625103190111,1.5771803855895996
327328,503.04366066951394,500,False,0.7612476647640678,True,0.012355769491084198,1.1276185512542725
327888,614.0020177141269,500,False,0.03524327663944783,False,0.01233271062987015,0.7561310529708862
328080,251.58820507546153,500,False,2.295308635970679,True,0.012481520123295455,2.1147878170013428
328144,523.1775451054519,500,False,0.18831826110869088,True,0.01262391860507922,1.0881627798080444
328320,491.22177572906645,500,False,0.2523607211791682,True,0.012594830702684762,1.4507286548614502
328592,338.6327314443151,378,True,3.177769741195936,True,0.012470302542424568,4.693748474121094
330688,485.03343575403966,500,False,0.31809184537866514,False,0.012484616209118036,0.9598125219345093
331264,457.5776510489154,500,False,0.42900525062593525,False,0.012360591599571041,1.2147194147109985
331536,430.2027983196076,500,False,0.4210402834425074,False,0.012286819193216855,0.8533695340156555
331920,452.373268256765,500,False,0.6533669898812706,True,0.012272751920344441,1.1706161499023438
332080,505.81562141153944,500,False,0.34951555731970857,True,0.012417344361218169,1.5716215372085571
332752,528.256509447167,500,False,0.46348049675534786,True,0.012351184141246873,0.7488923668861389
333408,365.6060117935647,500,False,2.1780180561500373,True,0.012324338532356786,0.8743302226066589
334128,451.80265366684085,500,False,0.3709466650628113,False,0.012262465384572995,1.2676202058792114
334640,456.68892151857534,500,False,2.5839220625276664,True,0.01220461724784289,1.5504412651062012
335296,440.6087692013777,500,False,0.43005886808198807,True,0.012378134034631848,1.6247721910476685
335328,550.769676355452,500,False,0.20983535502572948,False,0.01240617547052345,6.752563953399658
335888,475.94655308594065,500,False,0.10967234179249684,True,0.012417657925717964,2.8647632598876953
336080,388.9477682854531,500,False,2.4342195964689615,True,0.012432304093235253,0.9703271985054016
336144,509.0634303083529,500,False,0.2283754934235575,True,0.01240071612380093,0.9256249666213989
336320,498.0899026142272,500,False,0.2980439146252666,False,0.01238579800114778,1.3612041473388672
336592,518.1979610115063,500,False,0.38163453626171717,True,0.012429159794422558,0.5767748355865479
338688,442.9954962571049,500,False,0.2014564040195899,True,0.01245931004400312,1.875580906867981
339264,515.4510413814694,500,False,0.20991340224056484,True,0.012586184823271892,1.3833893537521362
339536,512.744427058428,500,False,0.10919691808379513,True,0.012600243681667195,1.2168675661087036
339920,559.724104289449,500,False,0.9534939723370581,True,0.01256362212803986,1.8570934534072876
340080,527.8024817889818,500,False,0.349062498338881,True,0.012579155825172538,1.0407824516296387
340752,531.371741045593,500,False,0.24908138236946434,False,0.012627679291333266,1.294556736946106
341408,464.95492018078306,500,False,0.5495657965347365,True,0.012541470354341642,0.6953029036521912
341648,192.40104825359478,333,True,3.19551107665177,True,0.012441725923603349,1.370197057723999
342128,474.6374381887604,500,False,0.517389591317961,True,0.012485070082657066,6.055881500244141
342640,540.8803890842236,500,False,0.30406083132851125,True,0.012424173272382691,1.152316689491272
343296,575.2455610582253,500,False,0.11836108910008847,False,0.012503758518988344,4.229966163635254
343328,408.39850362675634,500,False,4.682836600935025,True,0.012524870521097197,1.1134523153305054
343888,441.0727396690596,500,False,0.27942439047604894,False,0.012520644440924513,0.9049302339553833
344080,373.56745182257936,500,False,1.1331680575783554,True,0.012533929610858308,1.0264208316802979
344144,438.8643577565103,500,False,0.7619165907139669,True,0.012469885996255052,0.8982934355735779
344592,413.7742877041096,500,False,3.2978046523461475,True,0.012466630749874977,2.1940159797668457
